task_id,phase,phase_name,priority,title,description,dependencies,requirement_ids,deliverable,acceptance_test,status,owner,notes
P00-T001,P00,"Repository preflight, scope lock and execution foundation",P0,"Record repository remote, default branch, current branch, HEAD SHA, worktree status, tracked languages, package managers","Record repository remote, default branch, current branch, HEAD SHA, worktree status, tracked languages, package managers and existing CI.",,"NFR-MNT-001,NFR-DATA-001",Gap analysis and repository inventory; Root engineering policy and ignore files; Status/decision/changelog/traceability baseline; Cross-platform project scripts; First pushed phase branch,`python scripts/doctor.py` reports toolchain and missing dependencies; `python scripts/check_secrets.py` finds no committed secret; `git status --short` is clean after commit; Repository can be cloned and documentation paths resolve,Complete,Codex,Completed locally on 2026-08-09; no remote existed to record.
P00-T002,P00,"Repository preflight, scope lock and execution foundation",P0,"Search for existing mobile, web, API, database, ML, documentation and deployment code","Search for existing mobile, web, API, database, ML, documentation and deployment code. Produce `docs/implementation/P00_GAP_ANALYSIS.md` mapping retained, missing, conflicting and obsolete elements.",,"NFR-MNT-001,NFR-DATA-001",Gap analysis and repository inventory; Root engineering policy and ignore files; Status/decision/changelog/traceability baseline; Cross-platform project scripts; First pushed phase branch,`python scripts/doctor.py` reports toolchain and missing dependencies; `python scripts/check_secrets.py` finds no committed secret; `git status --short` is clean after commit; Repository can be cloned and documentation paths resolve,Complete,Codex,Gap analysis created at docs/implementation/P00_GAP_ANALYSIS.md.
P00-T003,P00,"Repository preflight, scope lock and execution foundation",P0,Copy or preserve this implementation package in the repository,Copy or preserve this implementation package in the repository. Ensure root `AGENTS.md` applies.,,"NFR-MNT-001,NFR-DATA-001",Gap analysis and repository inventory; Root engineering policy and ignore files; Status/decision/changelog/traceability baseline; Cross-platform project scripts; First pushed phase branch,`python scripts/doctor.py` reports toolchain and missing dependencies; `python scripts/check_secrets.py` finds no committed secret; `git status --short` is clean after commit; Repository can be cloned and documentation paths resolve,Complete,Codex,Package preserved at repository root and AGENTS.md applies repository-wide.
P00-T004,P00,"Repository preflight, scope lock and execution foundation",P0,Create `IMPLEMENTATION_STATUS,"Create `IMPLEMENTATION_STATUS.md`, `DECISION_LOG.md`, `CHANGELOG.md` and traceability/backlog files if absent; never reset completed evidence.",,"NFR-MNT-001,NFR-DATA-001",Gap analysis and repository inventory; Root engineering policy and ignore files; Status/decision/changelog/traceability baseline; Cross-platform project scripts; First pushed phase branch,`python scripts/doctor.py` reports toolchain and missing dependencies; `python scripts/check_secrets.py` finds no committed secret; `git status --short` is clean after commit; Repository can be cloned and documentation paths resolve,Complete,Codex,Persistent status and traceability files preserved and updated.
P00-T005,P00,"Repository preflight, scope lock and execution foundation",P0,Create `,"Create `.gitignore`, `.editorconfig`, `.gitattributes`, root README and a security note. Exclude `.env*` except `.env.example`, private uploads, datasets, model binaries, caches, build output and coverage output.",,"NFR-MNT-001,NFR-DATA-001",Gap analysis and repository inventory; Root engineering policy and ignore files; Status/decision/changelog/traceability baseline; Cross-platform project scripts; First pushed phase branch,`python scripts/doctor.py` reports toolchain and missing dependencies; `python scripts/check_secrets.py` finds no committed secret; `git status --short` is clean after commit; Repository can be cloned and documentation paths resolve,Complete,Codex,Root policy documentation and ignore rules created.
P00-T006,P00,"Repository preflight, scope lock and execution foundation",P0,Choose and document Node and Python versions,Choose and document Node and Python versions. Use Python 3.12 unless the target machine demonstrates an incompatible dependency; record any change.,,"NFR-MNT-001,NFR-DATA-001",Gap analysis and repository inventory; Root engineering policy and ignore files; Status/decision/changelog/traceability baseline; Cross-platform project scripts; First pushed phase branch,`python scripts/doctor.py` reports toolchain and missing dependencies; `python scripts/check_secrets.py` finds no committed secret; `git status --short` is clean after commit; Repository can be cloned and documentation paths resolve,Complete,Codex,Python 3.12 and Node 22 recorded in version files and ADR-011.
P00-T007,P00,"Repository preflight, scope lock and execution foundation",P0,Create cross-platform scripts: `scripts/bootstrap,"Create cross-platform scripts: `scripts/bootstrap.py`, `scripts/verify.py`, `scripts/check_secrets.py` and `scripts/doctor.py`. Initially, scripts may report unimplemented project sections but must fail honestly.",,"NFR-MNT-001,NFR-DATA-001",Gap analysis and repository inventory; Root engineering policy and ignore files; Status/decision/changelog/traceability baseline; Cross-platform project scripts; First pushed phase branch,`python scripts/doctor.py` reports toolchain and missing dependencies; `python scripts/check_secrets.py` finds no committed secret; `git status --short` is clean after commit; Repository can be cloned and documentation paths resolve,Complete,Codex,Scripts created and P00 quick verification passes; all-mode reports P01+ sections as blocked.
P00-T008,P00,"Repository preflight, scope lock and execution foundation",P0,Create GitHub issue labels/milestones or a local equivalent derived from `backlog,Create GitHub issue labels/milestones or a local equivalent derived from `backlog.csv`. Do not spend the phase implementing features.,,"NFR-MNT-001,NFR-DATA-001",Gap analysis and repository inventory; Root engineering policy and ignore files; Status/decision/changelog/traceability baseline; Cross-platform project scripts; First pushed phase branch,`python scripts/doctor.py` reports toolchain and missing dependencies; `git status --short` is clean after commit; Repository can be cloned and documentation paths resolve,Complete,Codex,Local equivalent created at docs/implementation/LOCAL_BACKLOG.md because no remote exists.
P00-T009,P00,"Repository preflight, scope lock and execution foundation",P0,"Create the phase branch, commit the foundation, push it and record the remote branch","Create the phase branch, commit the foundation, push it and record the remote branch.",,"NFR-MNT-001,NFR-DATA-001",Gap analysis and repository inventory; Root engineering policy and ignore files; Status/decision/changelog/traceability baseline; Cross-platform project scripts; First pushed phase branch,`python scripts/doctor.py` reports toolchain and missing dependencies; `python scripts/check_secrets.py` finds no committed secret; `git status --short` is clean after commit; Repository can be cloned and documentation paths resolve,Complete,Codex,main and codex/p00-preflight-foundation pushed successfully to origin on 2026-08-09.
P01-T001,P01,"Monorepo, API skeleton and local infrastructure",P0,Create the monorepo layout defined in `03_ARCHITECTURE_AND_REPOSITORY_SPEC,"Create the monorepo layout defined in `03_ARCHITECTURE_AND_REPOSITORY_SPEC.md`: `apps/mobile`, `apps/admin`, `services/api`, `ml`, `docs`, `infra`, `scripts` and shared contract locations.",P00,"FR-AUD-003,FR-AUD-005,NFR-INT-001,NFR-MNT-001",Runnable Flask API; PostgreSQL local service; OpenAPI skeleton; Backend CI-ready quality configuration; Local setup documentation,Health endpoint returns service version and no secret data; Ready endpoint fails when PostgreSQL is unavailable and passes when available; Unknown route returns standard JSON error envelope; Clean Docker build succeeds; Backend lint/type/unit smoke tests pass,Complete,Codex,Specified monorepo boundaries and shared contract location created without crossing into later product phases.
P01-T002,P01,"Monorepo, API skeleton and local infrastructure",P0,"Create the Python project with Flask application factory, configuration classes, environment validation, blueprints, str","Create the Python project with Flask application factory, configuration classes, environment validation, blueprints, structured JSON errors, request IDs and `/api/v1/health`, `/ready` and `/version` endpoints.",P00,"FR-AUD-003,FR-AUD-005,NFR-INT-001,NFR-MNT-001",Runnable Flask API; PostgreSQL local service; OpenAPI skeleton; Backend CI-ready quality configuration; Local setup documentation,Health endpoint returns service version and no secret data; Ready endpoint fails when PostgreSQL is unavailable and passes when available; Unknown route returns standard JSON error envelope; Clean Docker build succeeds; Backend lint/type/unit smoke tests pass,Complete,Codex,Factory and all three schema-backed system endpoints pass integration tests.
P01-T003,P01,"Monorepo, API skeleton and local infrastructure",P0,Create initial OpenAPI generation and an API-contract check,Create initial OpenAPI generation and an API-contract check. API documentation must be generated from the actual request/response schemas.,P00,"FR-AUD-003,FR-AUD-005,NFR-INT-001,NFR-MNT-001",Runnable Flask API; PostgreSQL local service; OpenAPI skeleton; Backend CI-ready quality configuration; Local setup documentation,Health endpoint returns service version and no secret data; Ready endpoint fails when PostgreSQL is unavailable and passes when available; Unknown route returns standard JSON error envelope; Clean Docker build succeeds; Backend lint/type/unit smoke tests pass,Complete,Codex,Committed OpenAPI snapshot is generated from Flask-Smorest schemas and drift-check passes.
P01-T004,P01,"Monorepo, API skeleton and local infrastructure",P0,Create PostgreSQL and API services in Docker Compose,"Create PostgreSQL and API services in Docker Compose. Add health checks, named volumes and a Tesseract-equipped API image.",P00,"FR-AUD-003,FR-AUD-005,NFR-INT-001,NFR-MNT-001",Runnable Flask API; PostgreSQL local service; OpenAPI skeleton; Backend CI-ready quality configuration; Local setup documentation,Health endpoint returns service version and no secret data; Ready endpoint fails when PostgreSQL is unavailable and passes when available; Unknown route returns standard JSON error envelope; Clean Docker build succeeds; Backend lint/type/unit smoke tests pass,Complete,Codex,Clean API image build passed; fresh PostgreSQL and private-storage volumes were created; migration 20260809_0001 and live health/readiness/CORS probes passed with both containers healthy.
P01-T005,P01,"Monorepo, API skeleton and local infrastructure",P0,"Add SQLAlchemy session management, database readiness check and a placeholder initial migration","Add SQLAlchemy session management, database readiness check and a placeholder initial migration.",P00,"FR-AUD-003,FR-AUD-005,NFR-INT-001,NFR-MNT-001",Runnable Flask API; PostgreSQL local service; OpenAPI skeleton; Backend CI-ready quality configuration; Local setup documentation,Health endpoint returns service version and no secret data; Ready endpoint fails when PostgreSQL is unavailable and passes when available; Unknown route returns standard JSON error envelope; Clean Docker build succeeds; Backend lint/type/unit smoke tests pass,Complete,Codex,SQLAlchemy lifecycle and database probe tested; empty Alembic head and offline upgrade SQL verified.
P01-T006,P01,"Monorepo, API skeleton and local infrastructure",P0,Add structured application logging with correlation/request IDs and sensitive-field redaction,Add structured application logging with correlation/request IDs and sensitive-field redaction.,P00,"FR-AUD-003,FR-AUD-005,NFR-INT-001,NFR-MNT-001",Runnable Flask API; PostgreSQL local service; OpenAPI skeleton; Backend CI-ready quality configuration; Local setup documentation,Health endpoint returns service version and no secret data; Ready endpoint fails when PostgreSQL is unavailable and passes when available; Unknown route returns standard JSON error envelope; Clean Docker build succeeds; Backend lint/type/unit smoke tests pass,Complete,Codex,JSON logs include UUID request correlation and recursive sensitive-field redaction tests.
P01-T007,P01,"Monorepo, API skeleton and local infrastructure",P0,Add strict development CORS for known local mobile/admin origins; never use wildcard credentials in production,Add strict development CORS for known local mobile/admin origins; never use wildcard credentials in production.,P00,"FR-AUD-003,FR-AUD-005,NFR-INT-001,NFR-MNT-001",Runnable Flask API; PostgreSQL local service; OpenAPI skeleton; Backend CI-ready quality configuration; Local setup documentation,Health endpoint returns service version and no secret data; Ready endpoint fails when PostgreSQL is unavailable and passes when available; Unknown route returns standard JSON error envelope; Clean Docker build succeeds; Backend lint/type/unit smoke tests pass,Complete,Codex,Credentialed CORS is explicit-origin only; allowlisted and attacker-origin tests pass.
P01-T008,P01,"Monorepo, API skeleton and local infrastructure",P0,"Create backend formatting, linting, typing and test configuration","Create backend formatting, linting, typing and test configuration.",P00,"FR-AUD-003,FR-AUD-005,NFR-INT-001,NFR-MNT-001",Runnable Flask API; PostgreSQL local service; OpenAPI skeleton; Backend CI-ready quality configuration; Local setup documentation,Health endpoint returns service version and no secret data; Ready endpoint fails when PostgreSQL is unavailable and passes when available; Unknown route returns standard JSON error envelope; Clean Docker build succeeds; Backend lint/type/unit smoke tests pass,Complete,Codex,Ruff format/lint; strict mypy; 20 pytest tests and 91.81 percent coverage pass; doctor detects per-user Docker Desktop installs on Windows.
P01-T009,P01,"Monorepo, API skeleton and local infrastructure",P0,Create a root command that starts local dependencies and a root verification command that invokes existing checks,Create a root command that starts local dependencies and a root verification command that invokes existing checks.,P00,"FR-AUD-003,FR-AUD-005,NFR-INT-001,NFR-MNT-001",Runnable Flask API; PostgreSQL local service; OpenAPI skeleton; Backend CI-ready quality configuration; Local setup documentation,Health endpoint returns service version and no secret data; Ready endpoint fails when PostgreSQL is unavailable and passes when available; Unknown route returns standard JSON error envelope; Clean Docker build succeeds; Backend lint/type/unit smoke tests pass,Complete,Codex,Root npm commands and Python verification orchestration invoke the implemented backend checks.
P01-T010,P01,"Monorepo, API skeleton and local infrastructure",P0,"Document Windows, macOS/Linux and Docker bootstrap steps","Document Windows, macOS/Linux and Docker bootstrap steps.",P00,"FR-AUD-003,FR-AUD-005,NFR-INT-001,NFR-MNT-001",Runnable Flask API; PostgreSQL local service; OpenAPI skeleton; Backend CI-ready quality configuration; Local setup documentation,Health endpoint returns service version and no secret data; Ready endpoint fails when PostgreSQL is unavailable and passes when available; Unknown route returns standard JSON error envelope; Clean Docker build succeeds; Backend lint/type/unit smoke tests pass,Complete,Codex,Windows; macOS/Linux; Docker lifecycle and readiness semantics documented.
P02-T001,P02,"Relational schema, migrations, seeds and private storage abstraction",P0,"Implement all tables, enums, constraints, relationships and indexes specified in `04_DATABASE_AND_STORAGE_SPEC","Implement all tables, enums, constraints, relationships and indexes specified in `04_DATABASE_AND_STORAGE_SPEC.md`.",P01,"FR-UPL-003,FR-AUD-001,NFR-REL-002,NFR-BACK-001",Versioned schema and migrations; Storage adapter interface; Seed and fixture tooling; Implemented-schema ER reference; Database tests,"Upgrade from zero to head succeeds; Downgrade/upgrade smoke path succeeds for reversible migrations; Uniqueness, foreign key and check constraints reject invalid rows; Private storage does not expose a public path; Deletion/retention routines preserve audit requirements",Not Started,Codex,
P02-T002,P02,"Relational schema, migrations, seeds and private storage abstraction",P0,"Use UUID primary keys, timezone-aware UTC timestamps and explicit enum/check constraints","Use UUID primary keys, timezone-aware UTC timestamps and explicit enum/check constraints. Define creation/update conventions.",P01,"FR-UPL-003,FR-AUD-001,NFR-REL-002,NFR-BACK-001",Versioned schema and migrations; Storage adapter interface; Seed and fixture tooling; Implemented-schema ER reference; Database tests,"Upgrade from zero to head succeeds; Downgrade/upgrade smoke path succeeds for reversible migrations; Uniqueness, foreign key and check constraints reject invalid rows; Private storage does not expose a public path; Deletion/retention routines preserve audit requirements",Not Started,Codex,
P02-T003,P02,"Relational schema, migrations, seeds and private storage abstraction",P0,Implement Alembic/Flask-Migrate revisions with deterministic names and downgrade paths where safe,Implement Alembic/Flask-Migrate revisions with deterministic names and downgrade paths where safe.,P01,"FR-UPL-003,FR-AUD-001,NFR-REL-002,NFR-BACK-001",Versioned schema and migrations; Storage adapter interface; Seed and fixture tooling; Implemented-schema ER reference; Database tests,"Upgrade from zero to head succeeds; Downgrade/upgrade smoke path succeeds for reversible migrations; Uniqueness, foreign key and check constraints reject invalid rows; Private storage does not expose a public path; Deletion/retention routines preserve audit requirements",Not Started,Codex,
P02-T004,P02,"Relational schema, migrations, seeds and private storage abstraction",P0,Create a storage interface with local-private and S3-compatible implementations,Create a storage interface with local-private and S3-compatible implementations. The API chooses the adapter by configuration.,P01,"FR-UPL-003,FR-AUD-001,NFR-REL-002,NFR-BACK-001",Versioned schema and migrations; Storage adapter interface; Seed and fixture tooling; Implemented-schema ER reference; Database tests,"Upgrade from zero to head succeeds; Downgrade/upgrade smoke path succeeds for reversible migrations; Uniqueness, foreign key and check constraints reject invalid rows; Private storage does not expose a public path; Deletion/retention routines preserve audit requirements",Not Started,Codex,
P02-T005,P02,"Relational schema, migrations, seeds and private storage abstraction",P0,"Implement generated object keys, SHA-256 hashing, content metadata, private retrieval and deletion/retention hooks","Implement generated object keys, SHA-256 hashing, content metadata, private retrieval and deletion/retention hooks.",P01,"FR-UPL-003,FR-AUD-001,NFR-REL-002,NFR-BACK-001",Versioned schema and migrations; Storage adapter interface; Seed and fixture tooling; Implemented-schema ER reference; Database tests,"Upgrade from zero to head succeeds; Downgrade/upgrade smoke path succeeds for reversible migrations; Uniqueness, foreign key and check constraints reject invalid rows; Private storage does not expose a public path; Deletion/retention routines preserve audit requirements",Not Started,Codex,
P02-T006,P02,"Relational schema, migrations, seeds and private storage abstraction",P0,"Create seed commands for roles, a bootstrap administrator, demo receipt templates, default fraud rules and test referenc","Create seed commands for roles, a bootstrap administrator, demo receipt templates, default fraud rules and test reference records. Bootstrap credentials must come from environment variables and must be changed.",P01,"FR-UPL-003,FR-AUD-001,NFR-REL-002,NFR-BACK-001",Versioned schema and migrations; Storage adapter interface; Seed and fixture tooling; Implemented-schema ER reference; Database tests,"Upgrade from zero to head succeeds; Downgrade/upgrade smoke path succeeds for reversible migrations; Uniqueness, foreign key and check constraints reject invalid rows; Private storage does not expose a public path; Deletion/retention routines preserve audit requirements",Not Started,Codex,
P02-T007,P02,"Relational schema, migrations, seeds and private storage abstraction",P0,"Create database factories/fixtures for users, transactions, receipts, OCR results, analyses, models, reference records, ","Create database factories/fixtures for users, transactions, receipts, OCR results, analyses, models, reference records, cases, notifications and audits.",P01,"FR-UPL-003,FR-AUD-001,NFR-REL-002,NFR-BACK-001",Versioned schema and migrations; Storage adapter interface; Seed and fixture tooling; Implemented-schema ER reference; Database tests,"Upgrade from zero to head succeeds; Downgrade/upgrade smoke path succeeds for reversible migrations; Uniqueness, foreign key and check constraints reject invalid rows; Private storage does not expose a public path; Deletion/retention routines preserve audit requirements",Not Started,Codex,
P02-T008,P02,"Relational schema, migrations, seeds and private storage abstraction",P0,Add soft-deactivation where required; do not soft-delete immutable audit/evidence rows,Add soft-deactivation where required; do not soft-delete immutable audit/evidence rows.,P01,"FR-UPL-003,FR-AUD-001,NFR-REL-002,NFR-BACK-001",Versioned schema and migrations; Storage adapter interface; Seed and fixture tooling; Implemented-schema ER reference; Database tests,"Upgrade from zero to head succeeds; Downgrade/upgrade smoke path succeeds for reversible migrations; Uniqueness, foreign key and check constraints reject invalid rows; Private storage does not expose a public path; Deletion/retention routines preserve audit requirements",Not Started,Codex,
P02-T009,P02,"Relational schema, migrations, seeds and private storage abstraction",P0,Add migration tests from an empty database and schema-integrity tests,Add migration tests from an empty database and schema-integrity tests.,P01,"FR-UPL-003,FR-AUD-001,NFR-REL-002,NFR-BACK-001",Versioned schema and migrations; Storage adapter interface; Seed and fixture tooling; Implemented-schema ER reference; Database tests,"Upgrade from zero to head succeeds; Downgrade/upgrade smoke path succeeds for reversible migrations; Uniqueness, foreign key and check constraints reject invalid rows; Private storage does not expose a public path; Deletion/retention routines preserve audit requirements",Not Started,Codex,
P02-T010,P02,"Relational schema, migrations, seeds and private storage abstraction",P0,Generate an engineering ER diagram from the implemented schema and note differences from the Chapter Three diagram,Generate an engineering ER diagram from the implemented schema and note differences from the Chapter Three diagram.,P01,"FR-UPL-003,FR-AUD-001,NFR-REL-002,NFR-BACK-001",Versioned schema and migrations; Storage adapter interface; Seed and fixture tooling; Implemented-schema ER reference; Database tests,"Upgrade from zero to head succeeds; Downgrade/upgrade smoke path succeeds for reversible migrations; Uniqueness, foreign key and check constraints reject invalid rows; Private storage does not expose a public path; Deletion/retention routines preserve audit requirements",Not Started,Codex,
P03-T001,P03,"Authentication, session security, ownership and RBAC",P0,"Implement registration, login, refresh, logout/revocation, current-user, forgot-password and reset-password endpoints","Implement registration, login, refresh, logout/revocation, current-user, forgot-password and reset-password endpoints.",P02,"FR-USER-001,FR-USER-002,FR-USER-003,FR-AUTH-001,FR-AUTH-002,FR-AUTH-003,FR-AUTH-004,FR-AUTH-005,FR-AUTH-006,NFR-SEC-001,NFR-SEC-002",Complete authentication API; RBAC/ownership policy layer; Reset-token workflow; Auth audit events; OpenAPI/auth test suite,Register/login/refresh/logout/reset happy paths; Expired/revoked/altered tokens rejected; Wrong role receives 403; unauthenticated receives 401; Cross-user ID access receives 404/403 without leaking object existence; Rate limit and generic reset response tested; Cookie security/CSRF behaviour tested for web portal,Not Started,Codex,
P03-T002,P03,"Authentication, session security, ownership and RBAC",P0,Hash passwords using a suitable adaptive password hash,Hash passwords using a suitable adaptive password hash. Never log passwords or reset tokens.,P02,"FR-USER-001,FR-USER-002,FR-USER-003,FR-AUTH-001,FR-AUTH-002,FR-AUTH-003,FR-AUTH-004,FR-AUTH-005,FR-AUTH-006,NFR-SEC-001,NFR-SEC-002",Complete authentication API; RBAC/ownership policy layer; Reset-token workflow; Auth audit events; OpenAPI/auth test suite,Register/login/refresh/logout/reset happy paths; Expired/revoked/altered tokens rejected; Wrong role receives 403; unauthenticated receives 401; Cross-user ID access receives 404/403 without leaking object existence; Rate limit and generic reset response tested; Cookie security/CSRF behaviour tested for web portal,Not Started,Codex,
P03-T003,P03,"Authentication, session security, ownership and RBAC",P0,Implement short-lived access tokens and rotated refresh tokens,Implement short-lived access tokens and rotated refresh tokens. Store only a hash/fingerprint of server-tracked refresh tokens where revocation is required.,P02,"FR-USER-001,FR-USER-002,FR-USER-003,FR-AUTH-001,FR-AUTH-002,FR-AUTH-003,FR-AUTH-004,FR-AUTH-005,FR-AUTH-006,NFR-SEC-001,NFR-SEC-002",Complete authentication API; RBAC/ownership policy layer; Reset-token workflow; Auth audit events; OpenAPI/auth test suite,Register/login/refresh/logout/reset happy paths; Expired/revoked/altered tokens rejected; Wrong role receives 403; unauthenticated receives 401; Cross-user ID access receives 404/403 without leaking object existence; Rate limit and generic reset response tested; Cookie security/CSRF behaviour tested for web portal,Not Started,Codex,
P03-T004,P03,"Authentication, session security, ownership and RBAC",P0,"Implement role decorators/policies for `USER`, `ADMIN` and `INVESTIGATOR`, including combined capabilities","Implement role decorators/policies for `USER`, `ADMIN` and `INVESTIGATOR`, including combined capabilities.",P02,"FR-USER-001,FR-USER-002,FR-USER-003,FR-AUTH-001,FR-AUTH-002,FR-AUTH-003,FR-AUTH-004,FR-AUTH-005,FR-AUTH-006,NFR-SEC-001,NFR-SEC-002",Complete authentication API; RBAC/ownership policy layer; Reset-token workflow; Auth audit events; OpenAPI/auth test suite,Register/login/refresh/logout/reset happy paths; Expired/revoked/altered tokens rejected; Wrong role receives 403; unauthenticated receives 401; Cross-user ID access receives 404/403 without leaking object existence; Rate limit and generic reset response tested; Cookie security/CSRF behaviour tested for web portal,Not Started,Codex,
P03-T005,P03,"Authentication, session security, ownership and RBAC",P0,Implement object-level ownership policies so a user cannot access another user's transaction by changing an ID,Implement object-level ownership policies so a user cannot access another user's transaction by changing an ID.,P02,"FR-USER-001,FR-USER-002,FR-USER-003,FR-AUTH-001,FR-AUTH-002,FR-AUTH-003,FR-AUTH-004,FR-AUTH-005,FR-AUTH-006,NFR-SEC-001,NFR-SEC-002",Complete authentication API; RBAC/ownership policy layer; Reset-token workflow; Auth audit events; OpenAPI/auth test suite,Register/login/refresh/logout/reset happy paths; Expired/revoked/altered tokens rejected; Wrong role receives 403; unauthenticated receives 401; Cross-user ID access receives 404/403 without leaking object existence; Rate limit and generic reset response tested; Cookie security/CSRF behaviour tested for web portal,Not Started,Codex,
P03-T006,P03,"Authentication, session security, ownership and RBAC",P0,Implement web refresh through a secure HTTP-only cookie and CSRF protection for cookie-authenticated state changes; keep,Implement web refresh through a secure HTTP-only cookie and CSRF protection for cookie-authenticated state changes; keep browser access tokens in memory where used.,P02,"FR-USER-001,FR-USER-002,FR-USER-003,FR-AUTH-001,FR-AUTH-002,FR-AUTH-003,FR-AUTH-004,FR-AUTH-005,FR-AUTH-006,NFR-SEC-001,NFR-SEC-002",Complete authentication API; RBAC/ownership policy layer; Reset-token workflow; Auth audit events; OpenAPI/auth test suite,Register/login/refresh/logout/reset happy paths; Expired/revoked/altered tokens rejected; Wrong role receives 403; unauthenticated receives 401; Cross-user ID access receives 404/403 without leaking object existence; Rate limit and generic reset response tested; Cookie security/CSRF behaviour tested for web portal,Not Started,Codex,
P03-T007,P03,"Authentication, session security, ownership and RBAC",P0,Define mobile secure-token storage contract for Expo SecureStore,Define mobile secure-token storage contract for Expo SecureStore. No token in AsyncStorage.,P02,"FR-USER-001,FR-USER-002,FR-USER-003,FR-AUTH-001,FR-AUTH-002,FR-AUTH-003,FR-AUTH-004,FR-AUTH-005,FR-AUTH-006,NFR-SEC-001,NFR-SEC-002",Complete authentication API; RBAC/ownership policy layer; Reset-token workflow; Auth audit events; OpenAPI/auth test suite,Register/login/refresh/logout/reset happy paths; Expired/revoked/altered tokens rejected; Wrong role receives 403; unauthenticated receives 401; Cross-user ID access receives 404/403 without leaking object existence; Rate limit and generic reset response tested; Cookie security/CSRF behaviour tested for web portal,Not Started,Codex,
P03-T008,P03,"Authentication, session security, ownership and RBAC",P0,"Rate-limit login, refresh, password reset and registration; make authentication errors non-enumerating","Rate-limit login, refresh, password reset and registration; make authentication errors non-enumerating.",P02,"FR-USER-001,FR-USER-002,FR-USER-003,FR-AUTH-001,FR-AUTH-002,FR-AUTH-003,FR-AUTH-004,FR-AUTH-005,FR-AUTH-006,NFR-SEC-001,NFR-SEC-002",Complete authentication API; RBAC/ownership policy layer; Reset-token workflow; Auth audit events; OpenAPI/auth test suite,Register/login/refresh/logout/reset happy paths; Expired/revoked/altered tokens rejected; Wrong role receives 403; unauthenticated receives 401; Cross-user ID access receives 404/403 without leaking object existence; Rate limit and generic reset response tested; Cookie security/CSRF behaviour tested for web portal,Not Started,Codex,
P03-T009,P03,"Authentication, session security, ownership and RBAC",P0,"Audit login success/failure, password reset, role changes, account deactivation and refresh-token revocation","Audit login success/failure, password reset, role changes, account deactivation and refresh-token revocation.",P02,"FR-USER-001,FR-USER-002,FR-USER-003,FR-AUTH-001,FR-AUTH-002,FR-AUTH-003,FR-AUTH-004,FR-AUTH-005,FR-AUTH-006,NFR-SEC-001,NFR-SEC-002",Complete authentication API; RBAC/ownership policy layer; Reset-token workflow; Auth audit events; OpenAPI/auth test suite,Register/login/refresh/logout/reset happy paths; Expired/revoked/altered tokens rejected; Wrong role receives 403; unauthenticated receives 401; Cross-user ID access receives 404/403 without leaking object existence; Rate limit and generic reset response tested; Cookie security/CSRF behaviour tested for web portal,Not Started,Codex,
P03-T010,P03,"Authentication, session security, ownership and RBAC",P0,Add admin user-management endpoints only after server-side role checks are complete,Add admin user-management endpoints only after server-side role checks are complete.,P02,"FR-USER-001,FR-USER-002,FR-USER-003,FR-AUTH-001,FR-AUTH-002,FR-AUTH-003,FR-AUTH-004,FR-AUTH-005,FR-AUTH-006,NFR-SEC-001,NFR-SEC-002",Complete authentication API; RBAC/ownership policy layer; Reset-token workflow; Auth audit events; OpenAPI/auth test suite,Register/login/refresh/logout/reset happy paths; Expired/revoked/altered tokens rejected; Wrong role receives 403; unauthenticated receives 401; Cross-user ID access receives 404/403 without leaking object existence; Rate limit and generic reset response tested; Cookie security/CSRF behaviour tested for web portal,Not Started,Codex,
P03-T011,P03,"Authentication, session security, ownership and RBAC",P0,"Create test accounts through seed tooling, not hard-coded production credentials","Create test accounts through seed tooling, not hard-coded production credentials.",P02,"FR-USER-001,FR-USER-002,FR-USER-003,FR-AUTH-001,FR-AUTH-002,FR-AUTH-003,FR-AUTH-004,FR-AUTH-005,FR-AUTH-006,NFR-SEC-001,NFR-SEC-002",Complete authentication API; RBAC/ownership policy layer; Reset-token workflow; Auth audit events; OpenAPI/auth test suite,Register/login/refresh/logout/reset happy paths; Expired/revoked/altered tokens rejected; Wrong role receives 403; unauthenticated receives 401; Cross-user ID access receives 404/403 without leaking object existence; Rate limit and generic reset response tested; Cookie security/CSRF behaviour tested for web portal,Not Started,Codex,
P04-T001,P04,"Mobile application shell, design system and authentication experience",P1,Scaffold Expo React Native TypeScript and Expo Router using the repository's pinned Node/package-manager version,Scaffold Expo React Native TypeScript and Expo Router using the repository's pinned Node/package-manager version.,P03,"FR-USER-001,FR-USER-002,FR-USER-003,FR-USER-004,NFR-USE-001,NFR-USE-002",Runnable mobile app; Auth screens and secure session; Reusable mobile component library; Navigation and state handling; Mobile test baseline,"Type check, lint and tests pass; Token is stored only in secure storage; Session restoration and logout work; Form validation and server errors are accessible; Common Android viewport has no overflow or hidden controls",Not Started,Codex,
P04-T002,P04,"Mobile application shell, design system and authentication experience",P1,"Create theme tokens for spacing, typography, radius, elevation and semantic statuses","Create theme tokens for spacing, typography, radius, elevation and semantic statuses. Use icons/text in addition to colour.",P03,"FR-USER-001,FR-USER-002,FR-USER-003,FR-USER-004,NFR-USE-001,NFR-USE-002",Runnable mobile app; Auth screens and secure session; Reusable mobile component library; Navigation and state handling; Mobile test baseline,"Type check, lint and tests pass; Token is stored only in secure storage; Session restoration and logout work; Form validation and server errors are accessible; Common Android viewport has no overflow or hidden controls",Not Started,Codex,
P04-T003,P04,"Mobile application shell, design system and authentication experience",P1,"Create reusable components: screen shell, header, button, input, password input, form error, card, status badge, alert, ","Create reusable components: screen shell, header, button, input, password input, form error, card, status badge, alert, skeleton, empty state, retry state, confirmation sheet and secure image preview.",P03,"FR-USER-001,FR-USER-002,FR-USER-003,FR-USER-004,NFR-USE-001,NFR-USE-002",Runnable mobile app; Auth screens and secure session; Reusable mobile component library; Navigation and state handling; Mobile test baseline,"Type check, lint and tests pass; Token is stored only in secure storage; Session restoration and logout work; Form validation and server errors are accessible; Common Android viewport has no overflow or hidden controls",Not Started,Codex,
P04-T004,P04,"Mobile application shell, design system and authentication experience",P1,"Implement splash/session restoration, login, registration, forgot-password, reset-password, profile and logout flows","Implement splash/session restoration, login, registration, forgot-password, reset-password, profile and logout flows.",P03,"FR-USER-001,FR-USER-002,FR-USER-003,FR-USER-004,NFR-USE-001,NFR-USE-002",Runnable mobile app; Auth screens and secure session; Reusable mobile component library; Navigation and state handling; Mobile test baseline,"Type check, lint and tests pass; Token is stored only in secure storage; Session restoration and logout work; Form validation and server errors are accessible; Common Android viewport has no overflow or hidden controls",Not Started,Codex,
P04-T005,P04,"Mobile application shell, design system and authentication experience",P1,Use React Hook Form and Zod (or the documented selected equivalents) with shared validation semantics,Use React Hook Form and Zod (or the documented selected equivalents) with shared validation semantics.,P03,"FR-USER-001,FR-USER-002,FR-USER-003,FR-USER-004,NFR-USE-001,NFR-USE-002",Runnable mobile app; Auth screens and secure session; Reusable mobile component library; Navigation and state handling; Mobile test baseline,"Type check, lint and tests pass; Token is stored only in secure storage; Session restoration and logout work; Form validation and server errors are accessible; Common Android viewport has no overflow or hidden controls",Not Started,Codex,
P04-T006,P04,"Mobile application shell, design system and authentication experience",P1,"Use TanStack Query for server state, a small dedicated auth/session store and Expo SecureStore for tokens","Use TanStack Query for server state, a small dedicated auth/session store and Expo SecureStore for tokens.",P03,"FR-USER-001,FR-USER-002,FR-USER-003,FR-USER-004,NFR-USE-001,NFR-USE-002",Runnable mobile app; Auth screens and secure session; Reusable mobile component library; Navigation and state handling; Mobile test baseline,"Type check, lint and tests pass; Token is stored only in secure storage; Session restoration and logout work; Form validation and server errors are accessible; Common Android viewport has no overflow or hidden controls",Not Started,Codex,
P04-T007,P04,"Mobile application shell, design system and authentication experience",P1,"Create bottom-tab/navigation skeleton: Home, History, Notifications and Profile, plus the central Upload/Scan action","Create bottom-tab/navigation skeleton: Home, History, Notifications and Profile, plus the central Upload/Scan action.",P03,"FR-USER-001,FR-USER-002,FR-USER-003,FR-USER-004,NFR-USE-001,NFR-USE-002",Runnable mobile app; Auth screens and secure session; Reusable mobile component library; Navigation and state handling; Mobile test baseline,"Type check, lint and tests pass; Token is stored only in secure storage; Session restoration and logout work; Form validation and server errors are accessible; Common Android viewport has no overflow or hidden controls",Not Started,Codex,
P04-T008,P04,"Mobile application shell, design system and authentication experience",P1,"Implement offline/network awareness, API error mapping, global error boundary and retry behaviour","Implement offline/network awareness, API error mapping, global error boundary and retry behaviour.",P03,"FR-USER-001,FR-USER-002,FR-USER-003,FR-USER-004,NFR-USE-001,NFR-USE-002",Runnable mobile app; Auth screens and secure session; Reusable mobile component library; Navigation and state handling; Mobile test baseline,"Type check, lint and tests pass; Token is stored only in secure storage; Session restoration and logout work; Form validation and server errors are accessible; Common Android viewport has no overflow or hidden controls",Not Started,Codex,
P04-T009,P04,"Mobile application shell, design system and authentication experience",P1,"Add accessibility labels, focus order, keyboard handling, dynamic-text support and safe-area support","Add accessibility labels, focus order, keyboard handling, dynamic-text support and safe-area support.",P03,"FR-USER-001,FR-USER-002,FR-USER-003,FR-USER-004,NFR-USE-001,NFR-USE-002",Runnable mobile app; Auth screens and secure session; Reusable mobile component library; Navigation and state handling; Mobile test baseline,"Type check, lint and tests pass; Token is stored only in secure storage; Session restoration and logout work; Form validation and server errors are accessible; Common Android viewport has no overflow or hidden controls",Not Started,Codex,
P04-T010,P04,"Mobile application shell, design system and authentication experience",P1,Create component/unit tests and a smoke E2E path through authentication using a test API,Create component/unit tests and a smoke E2E path through authentication using a test API.,P03,"FR-USER-001,FR-USER-002,FR-USER-003,FR-USER-004,NFR-USE-001,NFR-USE-002",Runnable mobile app; Auth screens and secure session; Reusable mobile component library; Navigation and state handling; Mobile test baseline,"Type check, lint and tests pass; Token is stored only in secure storage; Session restoration and logout work; Form validation and server errors are accessible; Common Android viewport has no overflow or hidden controls",Not Started,Codex,
P05-T001,P05,Administrator and investigator web portal shell,P1,Scaffold React + TypeScript + Vite with React Router and a route-level permission guard,Scaffold React + TypeScript + Vite with React Router and a route-level permission guard.,P03,"FR-AUTH-003,FR-ADM-001,FR-ADM-005,FR-ADM-006,FR-ADM-007,NFR-USE-002",Runnable web portal shell; Role-aware navigation; Reusable web component library; Auth/session workflow; Web test baseline,Admin and investigator see only allowed navigation/actions; Refresh/logout/session expiry tested; Keyboard navigation and visible focus tested; Responsive routes render without horizontal document overflow; Production build succeeds,Not Started,Codex,
P05-T002,P05,Administrator and investigator web portal shell,P1,"Create a responsive design system and reusable data-table, filter, pagination, dialog, drawer, form, badge, chart-contai","Create a responsive design system and reusable data-table, filter, pagination, dialog, drawer, form, badge, chart-container, skeleton and error components.",P03,"FR-AUTH-003,FR-ADM-001,FR-ADM-005,FR-ADM-006,FR-ADM-007,NFR-USE-002",Runnable web portal shell; Role-aware navigation; Reusable web component library; Auth/session workflow; Web test baseline,Admin and investigator see only allowed navigation/actions; Refresh/logout/session expiry tested; Keyboard navigation and visible focus tested; Responsive routes render without horizontal document overflow; Production build succeeds,Not Started,Codex,
P05-T003,P05,Administrator and investigator web portal shell,P1,"Implement administrator/investigator login, session refresh, logout and permission-aware navigation","Implement administrator/investigator login, session refresh, logout and permission-aware navigation.",P03,"FR-AUTH-003,FR-ADM-001,FR-ADM-005,FR-ADM-006,FR-ADM-007,NFR-USE-002",Runnable web portal shell; Role-aware navigation; Reusable web component library; Auth/session workflow; Web test baseline,Admin and investigator see only allowed navigation/actions; Refresh/logout/session expiry tested; Keyboard navigation and visible focus tested; Responsive routes render without horizontal document overflow; Production build succeeds,Not Started,Codex,
P05-T004,P05,Administrator and investigator web portal shell,P1,"Create shell routes for Dashboard, Transactions, Cases, Users, Reference Imports, Templates, Rules, Models, Reports, Aud","Create shell routes for Dashboard, Transactions, Cases, Users, Reference Imports, Templates, Rules, Models, Reports, Audit Logs and System Status.",P03,"FR-AUTH-003,FR-ADM-001,FR-ADM-005,FR-ADM-006,FR-ADM-007,NFR-USE-002",Runnable web portal shell; Role-aware navigation; Reusable web component library; Auth/session workflow; Web test baseline,Admin and investigator see only allowed navigation/actions; Refresh/logout/session expiry tested; Keyboard navigation and visible focus tested; Responsive routes render without horizontal document overflow; Production build succeeds,Not Started,Codex,
P05-T005,P05,Administrator and investigator web portal shell,P1,"Implement a no-access page, 404 page, global error boundary and session-expired behaviour","Implement a no-access page, 404 page, global error boundary and session-expired behaviour.",P03,"FR-AUTH-003,FR-ADM-001,FR-ADM-005,FR-ADM-006,FR-ADM-007,NFR-USE-002",Runnable web portal shell; Role-aware navigation; Reusable web component library; Auth/session workflow; Web test baseline,Admin and investigator see only allowed navigation/actions; Refresh/logout/session expiry tested; Keyboard navigation and visible focus tested; Responsive routes render without horizontal document overflow; Production build succeeds,Not Started,Codex,
P05-T006,P05,Administrator and investigator web portal shell,P1,Use TanStack Query for server state and React Hook Form/Zod for forms,Use TanStack Query for server state and React Hook Form/Zod for forms.,P03,"FR-AUTH-003,FR-ADM-001,FR-ADM-005,FR-ADM-006,FR-ADM-007,NFR-USE-002",Runnable web portal shell; Role-aware navigation; Reusable web component library; Auth/session workflow; Web test baseline,Admin and investigator see only allowed navigation/actions; Refresh/logout/session expiry tested; Keyboard navigation and visible focus tested; Responsive routes render without horizontal document overflow; Production build succeeds,Not Started,Codex,
P05-T007,P05,Administrator and investigator web portal shell,P1,Create secure download handling for private reports/evidence through authenticated API calls,Create secure download handling for private reports/evidence through authenticated API calls.,P03,"FR-AUTH-003,FR-ADM-001,FR-ADM-005,FR-ADM-006,FR-ADM-007,NFR-USE-002",Runnable web portal shell; Role-aware navigation; Reusable web component library; Auth/session workflow; Web test baseline,Admin and investigator see only allowed navigation/actions; Refresh/logout/session expiry tested; Keyboard navigation and visible focus tested; Responsive routes render without horizontal document overflow; Production build succeeds,Not Started,Codex,
P05-T008,P05,Administrator and investigator web portal shell,P1,Add responsive breakpoints for desktop and tablet; tables must have accessible mobile/tablet alternatives where needed,Add responsive breakpoints for desktop and tablet; tables must have accessible mobile/tablet alternatives where needed.,P03,"FR-AUTH-003,FR-ADM-001,FR-ADM-005,FR-ADM-006,FR-ADM-007,NFR-USE-002",Runnable web portal shell; Role-aware navigation; Reusable web component library; Auth/session workflow; Web test baseline,Admin and investigator see only allowed navigation/actions; Refresh/logout/session expiry tested; Keyboard navigation and visible focus tested; Responsive routes render without horizontal document overflow; Production build succeeds,Not Started,Codex,
P05-T009,P05,Administrator and investigator web portal shell,P1,Set up unit/component tests and Playwright smoke tests,Set up unit/component tests and Playwright smoke tests.,P03,"FR-AUTH-003,FR-ADM-001,FR-ADM-005,FR-ADM-006,FR-ADM-007,NFR-USE-002",Runnable web portal shell; Role-aware navigation; Reusable web component library; Auth/session workflow; Web test baseline,Admin and investigator see only allowed navigation/actions; Refresh/logout/session expiry tested; Keyboard navigation and visible focus tested; Responsive routes render without horizontal document overflow; Production build succeeds,Not Started,Codex,
P05-T010,P05,Administrator and investigator web portal shell,P1,Generate a production build in CI,Generate a production build in CI.,P03,"FR-AUTH-003,FR-ADM-001,FR-ADM-005,FR-ADM-006,FR-ADM-007,NFR-USE-002",Runnable web portal shell; Role-aware navigation; Reusable web component library; Auth/session workflow; Web test baseline,Admin and investigator see only allowed navigation/actions; Refresh/logout/session expiry tested; Keyboard navigation and visible focus tested; Responsive routes render without horizontal document overflow; Production build succeeds,Not Started,Codex,
P06-T001,P06,"Receipt capture, hostile-file validation and private upload",P0,Implement camera/gallery selection with Expo ImagePicker and runtime permissions,Implement camera/gallery selection with Expo ImagePicker and runtime permissions.,"P02,P03,P04","FR-UPL-001,FR-UPL-002,FR-UPL-003,FR-UPL-004,FR-UPL-005,FR-UPL-006,FR-UPL-007,NFR-SEC-003",Secure upload API; Private storage integration; Mobile capture/preview/upload screens; Receipt metadata and hashes; Upload abuse tests,"Valid formats upload and persist; Renamed non-image, corrupt file, oversized image and extreme dimensions are rejected; Path traversal filename has no effect; Cross-user image retrieval is blocked; Duplicate hash is detected without leaking owner information; Storage/database rollback tested",Not Started,Codex,
P06-T002,P06,"Receipt capture, hostile-file validation and private upload",P0,"Implement client preview, replace/remove action, accepted-format guidance and quality hints without trusting client vali","Implement client preview, replace/remove action, accepted-format guidance and quality hints without trusting client validation.","P02,P03,P04","FR-UPL-001,FR-UPL-002,FR-UPL-003,FR-UPL-004,FR-UPL-005,FR-UPL-006,FR-UPL-007,NFR-SEC-003",Secure upload API; Private storage integration; Mobile capture/preview/upload screens; Receipt metadata and hashes; Upload abuse tests,"Valid formats upload and persist; Renamed non-image, corrupt file, oversized image and extreme dimensions are rejected; Path traversal filename has no effect; Cross-user image retrieval is blocked; Duplicate hash is detected without leaking owner information; Storage/database rollback tested",Not Started,Codex,
P06-T003,P06,"Receipt capture, hostile-file validation and private upload",P0,"Create multipart upload API with authentication, idempotency key and ownership","Create multipart upload API with authentication, idempotency key and ownership.","P02,P03,P04","FR-UPL-001,FR-UPL-002,FR-UPL-003,FR-UPL-004,FR-UPL-005,FR-UPL-006,FR-UPL-007,NFR-SEC-003",Secure upload API; Private storage integration; Mobile capture/preview/upload screens; Receipt metadata and hashes; Upload abuse tests,"Valid formats upload and persist; Renamed non-image, corrupt file, oversized image and extreme dimensions are rejected; Path traversal filename has no effect; Cross-user image retrieval is blocked; Duplicate hash is detected without leaking owner information; Storage/database rollback tested",Not Started,Codex,
P06-T004,P06,"Receipt capture, hostile-file validation and private upload",P0,"Allowlist JPEG, PNG and WEBP","Allowlist JPEG, PNG and WEBP. Validate extension, magic/decode result, dimensions, animated/multi-frame behaviour, decompression-bomb limits and configured maximum bytes.","P02,P03,P04","FR-UPL-001,FR-UPL-002,FR-UPL-003,FR-UPL-004,FR-UPL-005,FR-UPL-006,FR-UPL-007,NFR-SEC-003",Secure upload API; Private storage integration; Mobile capture/preview/upload screens; Receipt metadata and hashes; Upload abuse tests,"Valid formats upload and persist; Renamed non-image, corrupt file, oversized image and extreme dimensions are rejected; Path traversal filename has no effect; Cross-user image retrieval is blocked; Duplicate hash is detected without leaking owner information; Storage/database rollback tested",Not Started,Codex,
P06-T005,P06,"Receipt capture, hostile-file validation and private upload",P0,Apply EXIF orientation only to a derived copy; retain the immutable original,Apply EXIF orientation only to a derived copy; retain the immutable original.,"P02,P03,P04","FR-UPL-001,FR-UPL-002,FR-UPL-003,FR-UPL-004,FR-UPL-005,FR-UPL-006,FR-UPL-007,NFR-SEC-003",Secure upload API; Private storage integration; Mobile capture/preview/upload screens; Receipt metadata and hashes; Upload abuse tests,"Valid formats upload and persist; Renamed non-image, corrupt file, oversized image and extreme dimensions are rejected; Path traversal filename has no effect; Cross-user image retrieval is blocked; Duplicate hash is detected without leaking owner information; Storage/database rollback tested",Not Started,Codex,
P06-T006,P06,"Receipt capture, hostile-file validation and private upload",P0,Generate server-side object keys; never use the user's filename as a storage path,Generate server-side object keys; never use the user's filename as a storage path.,"P02,P03,P04","FR-UPL-001,FR-UPL-002,FR-UPL-003,FR-UPL-004,FR-UPL-005,FR-UPL-006,FR-UPL-007,NFR-SEC-003",Secure upload API; Private storage integration; Mobile capture/preview/upload screens; Receipt metadata and hashes; Upload abuse tests,"Valid formats upload and persist; Renamed non-image, corrupt file, oversized image and extreme dimensions are rejected; Path traversal filename has no effect; Cross-user image retrieval is blocked; Duplicate hash is detected without leaking owner information; Storage/database rollback tested",Not Started,Codex,
P06-T007,P06,"Receipt capture, hostile-file validation and private upload",P0,Compute SHA-256 and perceptual hash,Compute SHA-256 and perceptual hash. Record exact duplicate candidates but do not expose other users' data.,"P02,P03,P04","FR-UPL-001,FR-UPL-002,FR-UPL-003,FR-UPL-004,FR-UPL-005,FR-UPL-006,FR-UPL-007,NFR-SEC-003",Secure upload API; Private storage integration; Mobile capture/preview/upload screens; Receipt metadata and hashes; Upload abuse tests,"Valid formats upload and persist; Renamed non-image, corrupt file, oversized image and extreme dimensions are rejected; Path traversal filename has no effect; Cross-user image retrieval is blocked; Duplicate hash is detected without leaking owner information; Storage/database rollback tested",Not Started,Codex,
P06-T008,P06,"Receipt capture, hostile-file validation and private upload",P0,Create transaction and receipt rows atomically; roll back database/storage consistently on failure,Create transaction and receipt rows atomically; roll back database/storage consistently on failure.,"P02,P03,P04","FR-UPL-001,FR-UPL-002,FR-UPL-003,FR-UPL-004,FR-UPL-005,FR-UPL-006,FR-UPL-007,NFR-SEC-003",Secure upload API; Private storage integration; Mobile capture/preview/upload screens; Receipt metadata and hashes; Upload abuse tests,"Valid formats upload and persist; Renamed non-image, corrupt file, oversized image and extreme dimensions are rejected; Path traversal filename has no effect; Cross-user image retrieval is blocked; Duplicate hash is detected without leaking owner information; Storage/database rollback tested",Not Started,Codex,
P06-T009,P06,"Receipt capture, hostile-file validation and private upload",P0,Implement authenticated thumbnail/original retrieval through short-lived signed access or an API stream; enforce ownersh,Implement authenticated thumbnail/original retrieval through short-lived signed access or an API stream; enforce ownership/role.,"P02,P03,P04","FR-UPL-001,FR-UPL-002,FR-UPL-003,FR-UPL-004,FR-UPL-005,FR-UPL-006,FR-UPL-007,NFR-SEC-003",Secure upload API; Private storage integration; Mobile capture/preview/upload screens; Receipt metadata and hashes; Upload abuse tests,"Valid formats upload and persist; Renamed non-image, corrupt file, oversized image and extreme dimensions are rejected; Path traversal filename has no effect; Cross-user image retrieval is blocked; Duplicate hash is detected without leaking owner information; Storage/database rollback tested",Not Started,Codex,
P06-T010,P06,"Receipt capture, hostile-file validation and private upload",P0,"Create upload progress, success, invalid-file, too-large, poor-quality, duplicate-warning and retry UI states","Create upload progress, success, invalid-file, too-large, poor-quality, duplicate-warning and retry UI states.","P02,P03,P04","FR-UPL-001,FR-UPL-002,FR-UPL-003,FR-UPL-004,FR-UPL-005,FR-UPL-006,FR-UPL-007,NFR-SEC-003",Secure upload API; Private storage integration; Mobile capture/preview/upload screens; Receipt metadata and hashes; Upload abuse tests,"Valid formats upload and persist; Renamed non-image, corrupt file, oversized image and extreme dimensions are rejected; Path traversal filename has no effect; Cross-user image retrieval is blocked; Duplicate hash is detected without leaking owner information; Storage/database rollback tested",Not Started,Codex,
P06-T011,P06,"Receipt capture, hostile-file validation and private upload",P0,"Audit upload, rejection and protected file access","Audit upload, rejection and protected file access.","P02,P03,P04","FR-UPL-001,FR-UPL-002,FR-UPL-003,FR-UPL-004,FR-UPL-005,FR-UPL-006,FR-UPL-007,NFR-SEC-003",Secure upload API; Private storage integration; Mobile capture/preview/upload screens; Receipt metadata and hashes; Upload abuse tests,"Valid formats upload and persist; Renamed non-image, corrupt file, oversized image and extreme dimensions are rejected; Path traversal filename has no effect; Cross-user image retrieval is blocked; Duplicate hash is detected without leaking owner information; Storage/database rollback tested",Not Started,Codex,
P07-T001,P07,"OCR preprocessing, extraction, confidence and correction workflow",P0,"Implement image quality metrics and preprocessing variants: orientation correction, scale normalisation, grayscale/CLAHE","Implement image quality metrics and preprocessing variants: orientation correction, scale normalisation, grayscale/CLAHE, denoise, sharpen, Otsu/adaptive threshold and optional deskew.",P06,"FR-OCR-001,FR-OCR-002,FR-OCR-003,FR-OCR-004,FR-OCR-005,FR-OCR-006,FR-OCR-007,FR-OCR-008,NFR-ACC-001",Versioned OCR pipeline; Field parser and confidence model; Mobile OCR review/correction flow; OCR fixtures and evaluation report; OCR audit evidence,Known fixtures extract expected fields within normalised tolerance; Low-confidence fields are flagged; Correction creates an audit record and preserves original values; Invalid state transition to analysis before OCR review is rejected; Tesseract-unavailable path returns explicit partial/failure status,Not Started,Codex,
P07-T002,P07,"OCR preprocessing, extraction, confidence and correction workflow",P0,"Run Tesseract `image_to_data` or equivalent to retain token text, bounding boxes and confidence","Run Tesseract `image_to_data` or equivalent to retain token text, bounding boxes and confidence.",P06,"FR-OCR-001,FR-OCR-002,FR-OCR-003,FR-OCR-004,FR-OCR-005,FR-OCR-006,FR-OCR-007,FR-OCR-008,NFR-ACC-001",Versioned OCR pipeline; Field parser and confidence model; Mobile OCR review/correction flow; OCR fixtures and evaluation report; OCR audit evidence,Known fixtures extract expected fields within normalised tolerance; Low-confidence fields are flagged; Correction creates an audit record and preserves original values; Invalid state transition to analysis before OCR review is rejected; Tesseract-unavailable path returns explicit partial/failure status,Not Started,Codex,
P07-T003,P07,"OCR preprocessing, extraction, confidence and correction workflow",P0,"Score preprocessing variants by OCR confidence and required-field coverage; retain the chosen variant and summary, not o","Score preprocessing variants by OCR confidence and required-field coverage; retain the chosen variant and summary, not only final text.",P06,"FR-OCR-001,FR-OCR-002,FR-OCR-003,FR-OCR-004,FR-OCR-005,FR-OCR-006,FR-OCR-007,FR-OCR-008,NFR-ACC-001",Versioned OCR pipeline; Field parser and confidence model; Mobile OCR review/correction flow; OCR fixtures and evaluation report; OCR audit evidence,Known fixtures extract expected fields within normalised tolerance; Low-confidence fields are flagged; Correction creates an audit record and preserves original values; Invalid state transition to analysis before OCR review is rejected; Tesseract-unavailable path returns explicit partial/failure status,Not Started,Codex,
P07-T004,P07,"OCR preprocessing, extraction, confidence and correction workflow",P0,Create provider/template detection with a generic fallback,Create provider/template detection with a generic fallback. Store template/parser versions.,P06,"FR-OCR-001,FR-OCR-002,FR-OCR-003,FR-OCR-004,FR-OCR-005,FR-OCR-006,FR-OCR-007,FR-OCR-008,NFR-ACC-001",Versioned OCR pipeline; Field parser and confidence model; Mobile OCR review/correction flow; OCR fixtures and evaluation report; OCR audit evidence,Known fixtures extract expected fields within normalised tolerance; Low-confidence fields are flagged; Correction creates an audit record and preserves original values; Invalid state transition to analysis before OCR review is rejected; Tesseract-unavailable path returns explicit partial/failure status,Not Started,Codex,
P07-T005,P07,"OCR preprocessing, extraction, confidence and correction workflow",P0,"Implement parsers and normalisers for transaction ID, amount/currency, names, phone numbers, date/time and status text","Implement parsers and normalisers for transaction ID, amount/currency, names, phone numbers, date/time and status text.",P06,"FR-OCR-001,FR-OCR-002,FR-OCR-003,FR-OCR-004,FR-OCR-005,FR-OCR-006,FR-OCR-007,FR-OCR-008,NFR-ACC-001",Versioned OCR pipeline; Field parser and confidence model; Mobile OCR review/correction flow; OCR fixtures and evaluation report; OCR audit evidence,Known fixtures extract expected fields within normalised tolerance; Low-confidence fields are flagged; Correction creates an audit record and preserves original values; Invalid state transition to analysis before OCR review is rejected; Tesseract-unavailable path returns explicit partial/failure status,Not Started,Codex,
P07-T006,P07,"OCR preprocessing, extraction, confidence and correction workflow",P0,"Store raw OCR text, token data, extracted values, per-field confidence, parser version and warnings","Store raw OCR text, token data, extracted values, per-field confidence, parser version and warnings.",P06,"FR-OCR-001,FR-OCR-002,FR-OCR-003,FR-OCR-004,FR-OCR-005,FR-OCR-006,FR-OCR-007,FR-OCR-008,NFR-ACC-001",Versioned OCR pipeline; Field parser and confidence model; Mobile OCR review/correction flow; OCR fixtures and evaluation report; OCR audit evidence,Known fixtures extract expected fields within normalised tolerance; Low-confidence fields are flagged; Correction creates an audit record and preserves original values; Invalid state transition to analysis before OCR review is rejected; Tesseract-unavailable path returns explicit partial/failure status,Not Started,Codex,
P07-T007,P07,"OCR preprocessing, extraction, confidence and correction workflow",P0,Create API response for OCR review,Create API response for OCR review. Mark fields below the configured confidence threshold.,P06,"FR-OCR-001,FR-OCR-002,FR-OCR-003,FR-OCR-004,FR-OCR-005,FR-OCR-006,FR-OCR-007,FR-OCR-008,NFR-ACC-001",Versioned OCR pipeline; Field parser and confidence model; Mobile OCR review/correction flow; OCR fixtures and evaluation report; OCR audit evidence,Known fixtures extract expected fields within normalised tolerance; Low-confidence fields are flagged; Correction creates an audit record and preserves original values; Invalid state transition to analysis before OCR review is rejected; Tesseract-unavailable path returns explicit partial/failure status,Not Started,Codex,
P07-T008,P07,"OCR preprocessing, extraction, confidence and correction workflow",P0,"Implement mobile OCR Review screen with side-by-side/zoomable receipt, editable fields, confidence/warning indicators an","Implement mobile OCR Review screen with side-by-side/zoomable receipt, editable fields, confidence/warning indicators and confirmation.",P06,"FR-OCR-001,FR-OCR-002,FR-OCR-003,FR-OCR-004,FR-OCR-005,FR-OCR-006,FR-OCR-007,FR-OCR-008,NFR-ACC-001",Versioned OCR pipeline; Field parser and confidence model; Mobile OCR review/correction flow; OCR fixtures and evaluation report; OCR audit evidence,Known fixtures extract expected fields within normalised tolerance; Low-confidence fields are flagged; Correction creates an audit record and preserves original values; Invalid state transition to analysis before OCR review is rejected; Tesseract-unavailable path returns explicit partial/failure status,Not Started,Codex,
P07-T009,P07,"OCR preprocessing, extraction, confidence and correction workflow",P0,Preserve original OCR value and correction audit trail,Preserve original OCR value and correction audit trail. Do not overwrite raw OCR evidence.,P06,"FR-OCR-001,FR-OCR-002,FR-OCR-003,FR-OCR-004,FR-OCR-005,FR-OCR-006,FR-OCR-007,FR-OCR-008,NFR-ACC-001",Versioned OCR pipeline; Field parser and confidence model; Mobile OCR review/correction flow; OCR fixtures and evaluation report; OCR audit evidence,Known fixtures extract expected fields within normalised tolerance; Low-confidence fields are flagged; Correction creates an audit record and preserves original values; Invalid state transition to analysis before OCR review is rejected; Tesseract-unavailable path returns explicit partial/failure status,Not Started,Codex,
P07-T010,P07,"OCR preprocessing, extraction, confidence and correction workflow",P0,"Add fixture-based OCR regression tests, including rotated, noisy, low-contrast and cropped receipts","Add fixture-based OCR regression tests, including rotated, noisy, low-contrast and cropped receipts.",P06,"FR-OCR-001,FR-OCR-002,FR-OCR-003,FR-OCR-004,FR-OCR-005,FR-OCR-006,FR-OCR-007,FR-OCR-008,NFR-ACC-001",Versioned OCR pipeline; Field parser and confidence model; Mobile OCR review/correction flow; OCR fixtures and evaluation report; OCR audit evidence,Known fixtures extract expected fields within normalised tolerance; Low-confidence fields are flagged; Correction creates an audit record and preserves original values; Invalid state transition to analysis before OCR review is rejected; Tesseract-unavailable path returns explicit partial/failure status,Not Started,Codex,
P07-T011,P07,"OCR preprocessing, extraction, confidence and correction workflow",P0,Measure required-field extraction on the controlled evaluation set and report the actual value without inflating it,Measure required-field extraction on the controlled evaluation set and report the actual value without inflating it.,P06,"FR-OCR-001,FR-OCR-002,FR-OCR-003,FR-OCR-004,FR-OCR-005,FR-OCR-006,FR-OCR-007,FR-OCR-008,NFR-ACC-001",Versioned OCR pipeline; Field parser and confidence model; Mobile OCR review/correction flow; OCR fixtures and evaluation report; OCR audit evidence,Known fixtures extract expected fields within normalised tolerance; Low-confidence fields are flagged; Correction creates an audit record and preserves original values; Invalid state transition to analysis before OCR review is rejected; Tesseract-unavailable path returns explicit partial/failure status,Not Started,Codex,
P08-T001,P08,Reference-record import and transaction verification,P0,"Implement reference-import batches with file hash, source label, uploader, row counts, status and audit trail","Implement reference-import batches with file hash, source label, uploader, row counts, status and audit trail.","P05,P07","FR-VER-001,FR-VER-002,FR-VER-003,FR-VER-004,FR-VER-005,FR-VER-006,FR-VER-007,FR-VER-008",Reference CSV contract; Validated import workflow; Versioned verification engine; Field-level comparison evidence; Admin/user verification UI,Matching record returns VERIFIED; No record returns UNVERIFIED; Critical mismatch returns MISMATCH with exact reasons; Duplicate import is idempotent or explicitly rejected; Invalid rows and file-level errors are reported; Unauthorised import and reference reads are blocked,Not Started,Codex,
P08-T002,P08,Reference-record import and transaction verification,P0,"Define a CSV template and validation: provider, transaction reference, amount, currency, sender/receiver phone/name, tim","Define a CSV template and validation: provider, transaction reference, amount, currency, sender/receiver phone/name, timestamp, status and optional source-system ID.","P05,P07","FR-VER-001,FR-VER-002,FR-VER-003,FR-VER-004,FR-VER-005,FR-VER-006,FR-VER-007,FR-VER-008",Reference CSV contract; Validated import workflow; Versioned verification engine; Field-level comparison evidence; Admin/user verification UI,Matching record returns VERIFIED; No record returns UNVERIFIED; Critical mismatch returns MISMATCH with exact reasons; Duplicate import is idempotent or explicitly rejected; Invalid rows and file-level errors are reported; Unauthorised import and reference reads are blocked,Not Started,Codex,
P08-T003,P08,Reference-record import and transaction verification,P0,Implement preview-before-commit,Implement preview-before-commit. Invalid rows must be downloadable with reasons; a bad row must not silently corrupt good data.,"P05,P07","FR-VER-001,FR-VER-002,FR-VER-003,FR-VER-004,FR-VER-005,FR-VER-006,FR-VER-007,FR-VER-008",Reference CSV contract; Validated import workflow; Versioned verification engine; Field-level comparison evidence; Admin/user verification UI,Matching record returns VERIFIED; No record returns UNVERIFIED; Critical mismatch returns MISMATCH with exact reasons; Duplicate import is idempotent or explicitly rejected; Invalid rows and file-level errors are reported; Unauthorised import and reference reads are blocked,Not Started,Codex,
P08-T004,P08,Reference-record import and transaction verification,P0,"Normalise references, phone numbers, amounts, currency and timestamps consistently with OCR output","Normalise references, phone numbers, amounts, currency and timestamps consistently with OCR output.","P05,P07","FR-VER-001,FR-VER-002,FR-VER-003,FR-VER-004,FR-VER-005,FR-VER-006,FR-VER-007,FR-VER-008",Reference CSV contract; Validated import workflow; Versioned verification engine; Field-level comparison evidence; Admin/user verification UI,Matching record returns VERIFIED; No record returns UNVERIFIED; Critical mismatch returns MISMATCH with exact reasons; Duplicate import is idempotent or explicitly rejected; Invalid rows and file-level errors are reported; Unauthorised import and reference reads are blocked,Not Started,Codex,
P08-T005,P08,Reference-record import and transaction verification,P0,Implement exact candidate lookup by provider/reference and safe fallback rules where documented,Implement exact candidate lookup by provider/reference and safe fallback rules where documented.,"P05,P07","FR-VER-001,FR-VER-002,FR-VER-003,FR-VER-004,FR-VER-005,FR-VER-006,FR-VER-007,FR-VER-008",Reference CSV contract; Validated import workflow; Versioned verification engine; Field-level comparison evidence; Admin/user verification UI,Matching record returns VERIFIED; No record returns UNVERIFIED; Critical mismatch returns MISMATCH with exact reasons; Duplicate import is idempotent or explicitly rejected; Invalid rows and file-level errors are reported; Unauthorised import and reference reads are blocked,Not Started,Codex,
P08-T006,P08,Reference-record import and transaction verification,P0,Compare critical fields using configured amount/timestamp tolerances and normalised exact/fuzzy text comparisons,Compare critical fields using configured amount/timestamp tolerances and normalised exact/fuzzy text comparisons.,"P05,P07","FR-VER-001,FR-VER-002,FR-VER-003,FR-VER-004,FR-VER-005,FR-VER-006,FR-VER-007,FR-VER-008",Reference CSV contract; Validated import workflow; Versioned verification engine; Field-level comparison evidence; Admin/user verification UI,Matching record returns VERIFIED; No record returns UNVERIFIED; Critical mismatch returns MISMATCH with exact reasons; Duplicate import is idempotent or explicitly rejected; Invalid rows and file-level errors are reported; Unauthorised import and reference reads are blocked,Not Started,Codex,
P08-T007,P08,Reference-record import and transaction verification,P0,"Return a structured verification result with status, field-level comparisons, matched reference ID, confidence/warnings ","Return a structured verification result with status, field-level comparisons, matched reference ID, confidence/warnings and rules version.","P05,P07","FR-VER-001,FR-VER-002,FR-VER-003,FR-VER-004,FR-VER-005,FR-VER-006,FR-VER-007,FR-VER-008",Reference CSV contract; Validated import workflow; Versioned verification engine; Field-level comparison evidence; Admin/user verification UI,Matching record returns VERIFIED; No record returns UNVERIFIED; Critical mismatch returns MISMATCH with exact reasons; Duplicate import is idempotent or explicitly rejected; Invalid rows and file-level errors are reported; Unauthorised import and reference reads are blocked,Not Started,Codex,
P08-T008,P08,Reference-record import and transaction verification,P0,"Implement duplicate reference, repeated receipt and transaction-reuse indicators","Implement duplicate reference, repeated receipt and transaction-reuse indicators.","P05,P07","FR-VER-001,FR-VER-002,FR-VER-003,FR-VER-004,FR-VER-005,FR-VER-006,FR-VER-007,FR-VER-008",Reference CSV contract; Validated import workflow; Versioned verification engine; Field-level comparison evidence; Admin/user verification UI,Matching record returns VERIFIED; No record returns UNVERIFIED; Critical mismatch returns MISMATCH with exact reasons; Duplicate import is idempotent or explicitly rejected; Invalid rows and file-level errors are reported; Unauthorised import and reference reads are blocked,Not Started,Codex,
P08-T009,P08,Reference-record import and transaction verification,P0,Create admin import/list/detail UI and user result verification section,Create admin import/list/detail UI and user result verification section.,"P05,P07","FR-VER-001,FR-VER-002,FR-VER-003,FR-VER-004,FR-VER-005,FR-VER-006,FR-VER-007,FR-VER-008",Reference CSV contract; Validated import workflow; Versioned verification engine; Field-level comparison evidence; Admin/user verification UI,Matching record returns VERIFIED; No record returns UNVERIFIED; Critical mismatch returns MISMATCH with exact reasons; Duplicate import is idempotent or explicitly rejected; Invalid rows and file-level errors are reported; Unauthorised import and reference reads are blocked,Not Started,Codex,
P08-T010,P08,Reference-record import and transaction verification,P0,Seed safe demonstration reference data and tests,Seed safe demonstration reference data and tests.,"P05,P07","FR-VER-001,FR-VER-002,FR-VER-003,FR-VER-004,FR-VER-005,FR-VER-006,FR-VER-007,FR-VER-008",Reference CSV contract; Validated import workflow; Versioned verification engine; Field-level comparison evidence; Admin/user verification UI,Matching record returns VERIFIED; No record returns UNVERIFIED; Critical mismatch returns MISMATCH with exact reasons; Duplicate import is idempotent or explicitly rejected; Invalid rows and file-level errors are reported; Unauthorised import and reference reads are blocked,Not Started,Codex,
P08-T011,P08,Reference-record import and transaction verification,P0,Label all UI and documentation as stored/imported reference verification,Label all UI and documentation as stored/imported reference verification.,"P05,P07","FR-VER-001,FR-VER-002,FR-VER-003,FR-VER-004,FR-VER-005,FR-VER-006,FR-VER-007,FR-VER-008",Reference CSV contract; Validated import workflow; Versioned verification engine; Field-level comparison evidence; Admin/user verification UI,Matching record returns VERIFIED; No record returns UNVERIFIED; Critical mismatch returns MISMATCH with exact reasons; Duplicate import is idempotent or explicitly rejected; Invalid rows and file-level errors are reported; Unauthorised import and reference reads are blocked,Not Started,Codex,
P09-T001,P09,Deterministic image-forensics and manipulation evidence,P0,"Implement metadata inspection: format, dimensions, EXIF presence, encoder hints and suspicious inconsistencies","Implement metadata inspection: format, dimensions, EXIF presence, encoder hints and suspicious inconsistencies. Treat absence of metadata as neutral, not fraud.","P06,P07","FR-IMG-001,FR-IMG-002,FR-IMG-003,FR-IMG-004,FR-IMG-005,FR-IMG-006,FR-IMG-007",Versioned deterministic image-analysis service; Evidence/reason-code catalogue; Investigator diagnostic artefacts; Manipulated-image test fixtures; Limitations documentation,Exact and near duplicates detected; Known edits trigger expected evidence without asserting certainty; Metadata absence alone does not mark fraud; Original image remains byte-identical; Private diagnostic derivative access is role/ownership protected,Not Started,Codex,
P09-T002,P09,Deterministic image-forensics and manipulation evidence,P0,Implement exact/near duplicate checks using SHA-256 and perceptual hash distance,Implement exact/near duplicate checks using SHA-256 and perceptual hash distance.,"P06,P07","FR-IMG-001,FR-IMG-002,FR-IMG-003,FR-IMG-004,FR-IMG-005,FR-IMG-006,FR-IMG-007",Versioned deterministic image-analysis service; Evidence/reason-code catalogue; Investigator diagnostic artefacts; Manipulated-image test fixtures; Limitations documentation,Exact and near duplicates detected; Known edits trigger expected evidence without asserting certainty; Metadata absence alone does not mark fraud; Original image remains byte-identical; Private diagnostic derivative access is role/ownership protected,Not Started,Codex,
P09-T003,P09,Deterministic image-forensics and manipulation evidence,P0,Implement JPEG recompression/error-level analysis on derived images with controlled quality settings and summary statist,Implement JPEG recompression/error-level analysis on derived images with controlled quality settings and summary statistics.,"P06,P07","FR-IMG-001,FR-IMG-002,FR-IMG-003,FR-IMG-004,FR-IMG-005,FR-IMG-006,FR-IMG-007",Versioned deterministic image-analysis service; Evidence/reason-code catalogue; Investigator diagnostic artefacts; Manipulated-image test fixtures; Limitations documentation,Exact and near duplicates detected; Known edits trigger expected evidence without asserting certainty; Metadata absence alone does not mark fraud; Original image remains byte-identical; Private diagnostic derivative access is role/ownership protected,Not Started,Codex,
P09-T004,P09,Deterministic image-forensics and manipulation evidence,P0,"Implement noise/residual inconsistency features across regions, with safeguards for tiny/low-quality images","Implement noise/residual inconsistency features across regions, with safeguards for tiny/low-quality images.","P06,P07","FR-IMG-001,FR-IMG-002,FR-IMG-003,FR-IMG-004,FR-IMG-005,FR-IMG-006,FR-IMG-007",Versioned deterministic image-analysis service; Evidence/reason-code catalogue; Investigator diagnostic artefacts; Manipulated-image test fixtures; Limitations documentation,Exact and near duplicates detected; Known edits trigger expected evidence without asserting certainty; Metadata absence alone does not mark fraud; Original image remains byte-identical; Private diagnostic derivative access is role/ownership protected,Not Started,Codex,
P09-T005,P09,Deterministic image-forensics and manipulation evidence,P0,Implement crop/completeness and aspect/template-layout checks,Implement crop/completeness and aspect/template-layout checks.,"P06,P07","FR-IMG-001,FR-IMG-002,FR-IMG-003,FR-IMG-004,FR-IMG-005,FR-IMG-006,FR-IMG-007",Versioned deterministic image-analysis service; Evidence/reason-code catalogue; Investigator diagnostic artefacts; Manipulated-image test fixtures; Limitations documentation,Exact and near duplicates detected; Known edits trigger expected evidence without asserting certainty; Metadata absence alone does not mark fraud; Original image remains byte-identical; Private diagnostic derivative access is role/ownership protected,Not Started,Codex,
P09-T006,P09,Deterministic image-forensics and manipulation evidence,P0,"Use OCR bounding boxes to derive text baseline, spacing, alignment, font-size proxy and overlap features","Use OCR bounding boxes to derive text baseline, spacing, alignment, font-size proxy and overlap features.","P06,P07","FR-IMG-001,FR-IMG-002,FR-IMG-003,FR-IMG-004,FR-IMG-005,FR-IMG-006,FR-IMG-007",Versioned deterministic image-analysis service; Evidence/reason-code catalogue; Investigator diagnostic artefacts; Manipulated-image test fixtures; Limitations documentation,Exact and near duplicates detected; Known edits trigger expected evidence without asserting certainty; Metadata absence alone does not mark fraud; Original image remains byte-identical; Private diagnostic derivative access is role/ownership protected,Not Started,Codex,
P09-T007,P09,Deterministic image-forensics and manipulation evidence,P0,"Create per-signal evidence records with value, threshold, severity, confidence, reason code and version","Create per-signal evidence records with value, threshold, severity, confidence, reason code and version.","P06,P07","FR-IMG-001,FR-IMG-002,FR-IMG-003,FR-IMG-004,FR-IMG-005,FR-IMG-006,FR-IMG-007",Versioned deterministic image-analysis service; Evidence/reason-code catalogue; Investigator diagnostic artefacts; Manipulated-image test fixtures; Limitations documentation,Exact and near duplicates detected; Known edits trigger expected evidence without asserting certainty; Metadata absence alone does not mark fraud; Original image remains byte-identical; Private diagnostic derivative access is role/ownership protected,Not Started,Codex,
P09-T008,P09,Deterministic image-forensics and manipulation evidence,P0,Optionally create private heatmap/diagnostic derivatives for investigators; never expose them publicly,Optionally create private heatmap/diagnostic derivatives for investigators; never expose them publicly.,"P06,P07","FR-IMG-001,FR-IMG-002,FR-IMG-003,FR-IMG-004,FR-IMG-005,FR-IMG-006,FR-IMG-007",Versioned deterministic image-analysis service; Evidence/reason-code catalogue; Investigator diagnostic artefacts; Manipulated-image test fixtures; Limitations documentation,Exact and near duplicates detected; Known edits trigger expected evidence without asserting certainty; Metadata absence alone does not mark fraud; Original image remains byte-identical; Private diagnostic derivative access is role/ownership protected,Not Started,Codex,
P09-T009,P09,Deterministic image-forensics and manipulation evidence,P0,Create a transparent rule-evaluation layer,Create a transparent rule-evaluation layer. No single weak heuristic may set `FRAUDULENT` by itself.,"P06,P07","FR-IMG-001,FR-IMG-002,FR-IMG-003,FR-IMG-004,FR-IMG-005,FR-IMG-006,FR-IMG-007",Versioned deterministic image-analysis service; Evidence/reason-code catalogue; Investigator diagnostic artefacts; Manipulated-image test fixtures; Limitations documentation,Exact and near duplicates detected; Known edits trigger expected evidence without asserting certainty; Metadata absence alone does not mark fraud; Original image remains byte-identical; Private diagnostic derivative access is role/ownership protected,Not Started,Codex,
P09-T010,P09,Deterministic image-forensics and manipulation evidence,P0,Add controlled manipulated fixtures and regression tests,Add controlled manipulated fixtures and regression tests.,"P06,P07","FR-IMG-001,FR-IMG-002,FR-IMG-003,FR-IMG-004,FR-IMG-005,FR-IMG-006,FR-IMG-007",Versioned deterministic image-analysis service; Evidence/reason-code catalogue; Investigator diagnostic artefacts; Manipulated-image test fixtures; Limitations documentation,Exact and near duplicates detected; Known edits trigger expected evidence without asserting certainty; Metadata absence alone does not mark fraud; Original image remains byte-identical; Private diagnostic derivative access is role/ownership protected,Not Started,Codex,
P09-T011,P09,Deterministic image-forensics and manipulation evidence,P0,"Document limitations of ELA, metadata and template heuristics","Document limitations of ELA, metadata and template heuristics.","P06,P07","FR-IMG-001,FR-IMG-002,FR-IMG-003,FR-IMG-004,FR-IMG-005,FR-IMG-006,FR-IMG-007",Versioned deterministic image-analysis service; Evidence/reason-code catalogue; Investigator diagnostic artefacts; Manipulated-image test fixtures; Limitations documentation,Exact and near duplicates detected; Known edits trigger expected evidence without asserting certainty; Metadata absence alone does not mark fraud; Original image remains byte-identical; Private diagnostic derivative access is role/ownership protected,Not Started,Codex,
P10-T001,P10,"Dataset governance, controlled sample generation and reproducible splits",P0,Create `ml/data/README,"Create `ml/data/README.md`, dataset card template, consent/licence fields and private-data handling instructions.","P07,P09","FR-ML-005,FR-ML-006,FR-ML-007,NFR-DATA-001",Dataset card and governance rules; Manifest-driven loader; Controlled sample generator; Leakage-resistant split files; Dataset validation report,No source group crosses splits; Augmentation is applied only after split and only to training; Dataset loader rejects missing/conflicting records; Private-pattern scanner flags unapproved identifiers; Regenerating with the same seed reproduces manifest hashes,Not Started,Codex,
P10-T002,P10,"Dataset governance, controlled sample generation and reproducible splits",P0,Implement a manifest-driven dataset loader using the sample columns in `samples/receipt_dataset_manifest,Implement a manifest-driven dataset loader using the sample columns in `samples/receipt_dataset_manifest.csv`.,"P07,P09","FR-ML-005,FR-ML-006,FR-ML-007,NFR-DATA-001",Dataset card and governance rules; Manifest-driven loader; Controlled sample generator; Leakage-resistant split files; Dataset validation report,No source group crosses splits; Augmentation is applied only after split and only to training; Dataset loader rejects missing/conflicting records; Private-pattern scanner flags unapproved identifiers; Regenerating with the same seed reproduces manifest hashes,Not Started,Codex,
P10-T003,P10,"Dataset governance, controlled sample generation and reproducible splits",P0,Create a generic Ghana-style demonstration receipt generator that does not copy protected provider branding unless autho,Create a generic Ghana-style demonstration receipt generator that does not copy protected provider branding unless authorised.,"P07,P09","FR-ML-005,FR-ML-006,FR-ML-007,NFR-DATA-001",Dataset card and governance rules; Manifest-driven loader; Controlled sample generator; Leakage-resistant split files; Dataset validation report,No source group crosses splits; Augmentation is applied only after split and only to training; Dataset loader rejects missing/conflicting records; Private-pattern scanner flags unapproved identifiers; Regenerating with the same seed reproduces manifest hashes,Not Started,Codex,
P10-T004,P10,"Dataset governance, controlled sample generation and reproducible splits",P0,"Create controlled tampering operations for research fixtures: amount/reference/recipient replacement, crop, clone/paste,","Create controlled tampering operations for research fixtures: amount/reference/recipient replacement, crop, clone/paste, misalignment, font mismatch and recompression.","P07,P09","FR-ML-005,FR-ML-006,FR-ML-007,NFR-DATA-001",Dataset card and governance rules; Manifest-driven loader; Controlled sample generator; Leakage-resistant split files; Dataset validation report,No source group crosses splits; Augmentation is applied only after split and only to training; Dataset loader rejects missing/conflicting records; Private-pattern scanner flags unapproved identifiers; Regenerating with the same seed reproduces manifest hashes,Not Started,Codex,
P10-T005,P10,"Dataset governance, controlled sample generation and reproducible splits",P0,"Tag every synthetic/controlled sample, parent/source group, manipulation operations and generation seed","Tag every synthetic/controlled sample, parent/source group, manipulation operations and generation seed.","P07,P09","FR-ML-005,FR-ML-006,FR-ML-007,NFR-DATA-001",Dataset card and governance rules; Manifest-driven loader; Controlled sample generator; Leakage-resistant split files; Dataset validation report,No source group crosses splits; Augmentation is applied only after split and only to training; Dataset loader rejects missing/conflicting records; Private-pattern scanner flags unapproved identifiers; Regenerating with the same seed reproduces manifest hashes,Not Started,Codex,
P10-T006,P10,"Dataset governance, controlled sample generation and reproducible splits",P0,Create train/validation/test splits by source/parent group before augmentation,Create train/validation/test splits by source/parent group before augmentation. Prevent variants of one receipt appearing in multiple splits.,"P07,P09","FR-ML-005,FR-ML-006,FR-ML-007,NFR-DATA-001",Dataset card and governance rules; Manifest-driven loader; Controlled sample generator; Leakage-resistant split files; Dataset validation report,No source group crosses splits; Augmentation is applied only after split and only to training; Dataset loader rejects missing/conflicting records; Private-pattern scanner flags unapproved identifiers; Regenerating with the same seed reproduces manifest hashes,Not Started,Codex,
P10-T007,P10,"Dataset governance, controlled sample generation and reproducible splits",P0,"Add data validation for missing files, duplicate hashes, conflicting labels, class distribution, corrupt images and priv","Add data validation for missing files, duplicate hashes, conflicting labels, class distribution, corrupt images and private identifiers.","P07,P09","FR-ML-005,FR-ML-006,FR-ML-007,NFR-DATA-001",Dataset card and governance rules; Manifest-driven loader; Controlled sample generator; Leakage-resistant split files; Dataset validation report,No source group crosses splits; Augmentation is applied only after split and only to training; Dataset loader rejects missing/conflicting records; Private-pattern scanner flags unapproved identifiers; Regenerating with the same seed reproduces manifest hashes,Not Started,Codex,
P10-T008,P10,"Dataset governance, controlled sample generation and reproducible splits",P0,Create anonymisation checks for phone/reference/name fields used in research data,Create anonymisation checks for phone/reference/name fields used in research data.,"P07,P09","FR-ML-005,FR-ML-006,FR-ML-007,NFR-DATA-001",Dataset card and governance rules; Manifest-driven loader; Controlled sample generator; Leakage-resistant split files; Dataset validation report,No source group crosses splits; Augmentation is applied only after split and only to training; Dataset loader rejects missing/conflicting records; Private-pattern scanner flags unapproved identifiers; Regenerating with the same seed reproduces manifest hashes,Not Started,Codex,
P10-T009,P10,"Dataset governance, controlled sample generation and reproducible splits",P0,Store manifests and small sanitised fixtures in Git; keep raw private images outside Git,Store manifests and small sanitised fixtures in Git; keep raw private images outside Git.,"P07,P09","FR-ML-005,FR-ML-006,FR-ML-007,NFR-DATA-001",Dataset card and governance rules; Manifest-driven loader; Controlled sample generator; Leakage-resistant split files; Dataset validation report,No source group crosses splits; Augmentation is applied only after split and only to training; Dataset loader rejects missing/conflicting records; Private-pattern scanner flags unapproved identifiers; Regenerating with the same seed reproduces manifest hashes,Not Started,Codex,
P10-T010,P10,"Dataset governance, controlled sample generation and reproducible splits",P0,"Produce a reproducible dataset report with counts, class distribution, source types, split hashes and known limitations","Produce a reproducible dataset report with counts, class distribution, source types, split hashes and known limitations.","P07,P09","FR-ML-005,FR-ML-006,FR-ML-007,NFR-DATA-001",Dataset card and governance rules; Manifest-driven loader; Controlled sample generator; Leakage-resistant split files; Dataset validation report,No source group crosses splits; Augmentation is applied only after split and only to training; Dataset loader rejects missing/conflicting records; Private-pattern scanner flags unapproved identifiers; Regenerating with the same seed reproduces manifest hashes,Not Started,Codex,
P11-T001,P11,Structured-feature fraud classifier,P0,"Define a versioned feature schema covering OCR confidence/coverage, field validity, image heuristics, duplicate indicato","Define a versioned feature schema covering OCR confidence/coverage, field validity, image heuristics, duplicate indicators, template consistency and verification comparisons.","P08,P09,P10","FR-ML-001,FR-ML-002,FR-ML-004,FR-ML-005,FR-ML-006,FR-ML-007,NFR-ACC-002",Reproducible training pipeline; Structured model artifact and card; Evaluation report; Version registry integration; Inference service,Training repeatability within documented tolerance; Pipeline rejects schema drift/missing mandatory features; Held-out set is never used during fit/tuning; Artifact hash verified before load; Inference output probabilities are valid and version traceable,Not Started,Codex,
P11-T002,P11,Structured-feature fraud classifier,P0,Build an sklearn Pipeline/ColumnTransformer so encoders/imputers/scalers are fit only on training data,Build an sklearn Pipeline/ColumnTransformer so encoders/imputers/scalers are fit only on training data.,"P08,P09,P10","FR-ML-001,FR-ML-002,FR-ML-004,FR-ML-005,FR-ML-006,FR-ML-007,NFR-ACC-002",Reproducible training pipeline; Structured model artifact and card; Evaluation report; Version registry integration; Inference service,Training repeatability within documented tolerance; Pipeline rejects schema drift/missing mandatory features; Held-out set is never used during fit/tuning; Artifact hash verified before load; Inference output probabilities are valid and version traceable,Not Started,Codex,
P11-T003,P11,Structured-feature fraud classifier,P0,Train a RandomForest baseline with class weighting and deterministic seeds,Train a RandomForest baseline with class weighting and deterministic seeds. Compare only a small justified set of alternatives if useful; avoid unnecessary model shopping.,"P08,P09,P10","FR-ML-001,FR-ML-002,FR-ML-004,FR-ML-005,FR-ML-006,FR-ML-007,NFR-ACC-002",Reproducible training pipeline; Structured model artifact and card; Evaluation report; Version registry integration; Inference service,Training repeatability within documented tolerance; Pipeline rejects schema drift/missing mandatory features; Held-out set is never used during fit/tuning; Artifact hash verified before load; Inference output probabilities are valid and version traceable,Not Started,Codex,
P11-T004,P11,Structured-feature fraud classifier,P0,Use group-aware validation and a held-out test set,Use group-aware validation and a held-out test set. Tune on training/validation only.,"P08,P09,P10","FR-ML-001,FR-ML-002,FR-ML-004,FR-ML-005,FR-ML-006,FR-ML-007,NFR-ACC-002",Reproducible training pipeline; Structured model artifact and card; Evaluation report; Version registry integration; Inference service,Training repeatability within documented tolerance; Pipeline rejects schema drift/missing mandatory features; Held-out set is never used during fit/tuning; Artifact hash verified before load; Inference output probabilities are valid and version traceable,Not Started,Codex,
P11-T005,P11,Structured-feature fraud classifier,P0,"Report confusion matrix, per-class precision/recall/F1, macro F1, balanced accuracy and probability calibration diagnost","Report confusion matrix, per-class precision/recall/F1, macro F1, balanced accuracy and probability calibration diagnostics.","P08,P09,P10","FR-ML-001,FR-ML-002,FR-ML-004,FR-ML-005,FR-ML-006,FR-ML-007,NFR-ACC-002",Reproducible training pipeline; Structured model artifact and card; Evaluation report; Version registry integration; Inference service,Training repeatability within documented tolerance; Pipeline rejects schema drift/missing mandatory features; Held-out set is never used during fit/tuning; Artifact hash verified before load; Inference output probabilities are valid and version traceable,Not Started,Codex,
P11-T006,P11,Structured-feature fraud classifier,P0,Select and document class thresholds using validation data and project risk priorities,Select and document class thresholds using validation data and project risk priorities.,"P08,P09,P10","FR-ML-001,FR-ML-002,FR-ML-004,FR-ML-005,FR-ML-006,FR-ML-007,NFR-ACC-002",Reproducible training pipeline; Structured model artifact and card; Evaluation report; Version registry integration; Inference service,Training repeatability within documented tolerance; Pipeline rejects schema drift/missing mandatory features; Held-out set is never used during fit/tuning; Artifact hash verified before load; Inference output probabilities are valid and version traceable,Not Started,Codex,
P11-T007,P11,Structured-feature fraud classifier,P0,"Create a model card with data scope, feature schema, metrics, limitations, intended use and prohibited claims","Create a model card with data scope, feature schema, metrics, limitations, intended use and prohibited claims.","P08,P09,P10","FR-ML-001,FR-ML-002,FR-ML-004,FR-ML-005,FR-ML-006,FR-ML-007,NFR-ACC-002",Reproducible training pipeline; Structured model artifact and card; Evaluation report; Version registry integration; Inference service,Training repeatability within documented tolerance; Pipeline rejects schema drift/missing mandatory features; Held-out set is never used during fit/tuning; Artifact hash verified before load; Inference output probabilities are valid and version traceable,Not Started,Codex,
P11-T008,P11,Structured-feature fraud classifier,P0,"Persist the model in a trusted artifact format, store SHA-256, library versions, training commit and feature schema hash","Persist the model in a trusted artifact format, store SHA-256, library versions, training commit and feature schema hash.","P08,P09,P10","FR-ML-001,FR-ML-002,FR-ML-004,FR-ML-005,FR-ML-006,FR-ML-007,NFR-ACC-002",Reproducible training pipeline; Structured model artifact and card; Evaluation report; Version registry integration; Inference service,Training repeatability within documented tolerance; Pipeline rejects schema drift/missing mandatory features; Held-out set is never used during fit/tuning; Artifact hash verified before load; Inference output probabilities are valid and version traceable,Not Started,Codex,
P11-T009,P11,Structured-feature fraud classifier,P0,Register model metadata in `MODEL_VERSIONS`; never auto-activate a model that failed acceptance gates,Register model metadata in `MODEL_VERSIONS`; never auto-activate a model that failed acceptance gates.,"P08,P09,P10","FR-ML-001,FR-ML-002,FR-ML-004,FR-ML-005,FR-ML-006,FR-ML-007,NFR-ACC-002",Reproducible training pipeline; Structured model artifact and card; Evaluation report; Version registry integration; Inference service,Training repeatability within documented tolerance; Pipeline rejects schema drift/missing mandatory features; Held-out set is never used during fit/tuning; Artifact hash verified before load; Inference output probabilities are valid and version traceable,Not Started,Codex,
P11-T010,P11,Structured-feature fraud classifier,P0,Implement deterministic inference service and contract tests,Implement deterministic inference service and contract tests.,"P08,P09,P10","FR-ML-001,FR-ML-002,FR-ML-004,FR-ML-005,FR-ML-006,FR-ML-007,NFR-ACC-002",Reproducible training pipeline; Structured model artifact and card; Evaluation report; Version registry integration; Inference service,Training repeatability within documented tolerance; Pipeline rejects schema drift/missing mandatory features; Held-out set is never used during fit/tuning; Artifact hash verified before load; Inference output probabilities are valid and version traceable,Not Started,Codex,
P11-T011,P11,Structured-feature fraud classifier,P0,"Add a CLI to train, evaluate, register and activate models with explicit confirmation","Add a CLI to train, evaluate, register and activate models with explicit confirmation.","P08,P09,P10","FR-ML-001,FR-ML-002,FR-ML-004,FR-ML-005,FR-ML-006,FR-ML-007,NFR-ACC-002",Reproducible training pipeline; Structured model artifact and card; Evaluation report; Version registry integration; Inference service,Training repeatability within documented tolerance; Pipeline rejects schema drift/missing mandatory features; Held-out set is never used during fit/tuning; Artifact hash verified before load; Inference output probabilities are valid and version traceable,Not Started,Codex,
P12-T001,P12,CNN receipt-tampering classifier,P0,"Define input resolution, colour handling, normalisation and augmentation policy","Define input resolution, colour handling, normalisation and augmentation policy.",P10,"FR-ML-001,FR-ML-003,FR-ML-004,FR-ML-005,FR-ML-006,FR-ML-007",Reproducible CNN training/evaluation pipeline; Versioned image-model artifact and card; CNN inference service; CPU performance report; Safe unavailable-model behaviour,"Training/test group separation asserted; Preprocessing parity between training and inference; Artifact hash/version check; Corrupt/unsupported image returns controlled error; Inference latency recorded on target container; Absent model produces PARTIAL, not fabricated probability",Not Started,Codex,
P12-T002,P12,CNN receipt-tampering classifier,P0,Implement a transfer-learning baseline such as MobileNetV3Small with a small classification head; document any architect,Implement a transfer-learning baseline such as MobileNetV3Small with a small classification head; document any architecture change.,P10,"FR-ML-001,FR-ML-003,FR-ML-004,FR-ML-005,FR-ML-006,FR-ML-007",Reproducible CNN training/evaluation pipeline; Versioned image-model artifact and card; CNN inference service; CPU performance report; Safe unavailable-model behaviour,"Training/test group separation asserted; Preprocessing parity between training and inference; Artifact hash/version check; Corrupt/unsupported image returns controlled error; Inference latency recorded on target container; Absent model produces PARTIAL, not fabricated probability",Not Started,Codex,
P12-T003,P12,CNN receipt-tampering classifier,P0,Freeze/unfreeze in controlled stages and use early stopping/model checkpoints based on validation metrics,Freeze/unfreeze in controlled stages and use early stopping/model checkpoints based on validation metrics.,P10,"FR-ML-001,FR-ML-003,FR-ML-004,FR-ML-005,FR-ML-006,FR-ML-007",Reproducible CNN training/evaluation pipeline; Versioned image-model artifact and card; CNN inference service; CPU performance report; Safe unavailable-model behaviour,"Training/test group separation asserted; Preprocessing parity between training and inference; Artifact hash/version check; Corrupt/unsupported image returns controlled error; Inference latency recorded on target container; Absent model produces PARTIAL, not fabricated probability",Not Started,Codex,
P12-T004,P12,CNN receipt-tampering classifier,P0,Use group-separated splits and training-only augmentation,Use group-separated splits and training-only augmentation.,P10,"FR-ML-001,FR-ML-003,FR-ML-004,FR-ML-005,FR-ML-006,FR-ML-007",Reproducible CNN training/evaluation pipeline; Versioned image-model artifact and card; CNN inference service; CPU performance report; Safe unavailable-model behaviour,"Training/test group separation asserted; Preprocessing parity between training and inference; Artifact hash/version check; Corrupt/unsupported image returns controlled error; Inference latency recorded on target container; Absent model produces PARTIAL, not fabricated probability",Not Started,Codex,
P12-T005,P12,CNN receipt-tampering classifier,P0,Address class imbalance through justified class weights or sampling; do not duplicate test data,Address class imbalance through justified class weights or sampling; do not duplicate test data.,P10,"FR-ML-001,FR-ML-003,FR-ML-004,FR-ML-005,FR-ML-006,FR-ML-007",Reproducible CNN training/evaluation pipeline; Versioned image-model artifact and card; CNN inference service; CPU performance report; Safe unavailable-model behaviour,"Training/test group separation asserted; Preprocessing parity between training and inference; Artifact hash/version check; Corrupt/unsupported image returns controlled error; Inference latency recorded on target container; Absent model produces PARTIAL, not fabricated probability",Not Started,Codex,
P12-T006,P12,CNN receipt-tampering classifier,P0,"Report per-class metrics, macro F1, confusion matrix, ROC/PR information where meaningful and calibration","Report per-class metrics, macro F1, confusion matrix, ROC/PR information where meaningful and calibration.",P10,"FR-ML-001,FR-ML-003,FR-ML-004,FR-ML-005,FR-ML-006,FR-ML-007",Reproducible CNN training/evaluation pipeline; Versioned image-model artifact and card; CNN inference service; CPU performance report; Safe unavailable-model behaviour,"Training/test group separation asserted; Preprocessing parity between training and inference; Artifact hash/version check; Corrupt/unsupported image returns controlled error; Inference latency recorded on target container; Absent model produces PARTIAL, not fabricated probability",Not Started,Codex,
P12-T007,P12,CNN receipt-tampering classifier,P0,Create a model card and explicit synthetic-only limitation where applicable,Create a model card and explicit synthetic-only limitation where applicable.,P10,"FR-ML-001,FR-ML-003,FR-ML-004,FR-ML-005,FR-ML-006,FR-ML-007",Reproducible CNN training/evaluation pipeline; Versioned image-model artifact and card; CNN inference service; CPU performance report; Safe unavailable-model behaviour,"Training/test group separation asserted; Preprocessing parity between training and inference; Artifact hash/version check; Corrupt/unsupported image returns controlled error; Inference latency recorded on target container; Absent model produces PARTIAL, not fabricated probability",Not Started,Codex,
P12-T008,P12,CNN receipt-tampering classifier,P0,Export a `,"Export a `.keras` artifact, compute hash and register preprocessing/model metadata.",P10,"FR-ML-001,FR-ML-003,FR-ML-004,FR-ML-005,FR-ML-006,FR-ML-007",Reproducible CNN training/evaluation pipeline; Versioned image-model artifact and card; CNN inference service; CPU performance report; Safe unavailable-model behaviour,"Training/test group separation asserted; Preprocessing parity between training and inference; Artifact hash/version check; Corrupt/unsupported image returns controlled error; Inference latency recorded on target container; Absent model produces PARTIAL, not fabricated probability",Not Started,Codex,
P12-T009,P12,CNN receipt-tampering classifier,P0,Implement inference with deterministic preprocessing and safe fallback when the artifact is absent or incompatible,Implement inference with deterministic preprocessing and safe fallback when the artifact is absent or incompatible.,P10,"FR-ML-001,FR-ML-003,FR-ML-004,FR-ML-005,FR-ML-006,FR-ML-007",Reproducible CNN training/evaluation pipeline; Versioned image-model artifact and card; CNN inference service; CPU performance report; Safe unavailable-model behaviour,"Training/test group separation asserted; Preprocessing parity between training and inference; Artifact hash/version check; Corrupt/unsupported image returns controlled error; Inference latency recorded on target container; Absent model produces PARTIAL, not fabricated probability",Not Started,Codex,
P12-T010,P12,CNN receipt-tampering classifier,P0,"Create optional investigator heatmap/attention diagnostic only as a supporting visual, not proof of manipulation","Create optional investigator heatmap/attention diagnostic only as a supporting visual, not proof of manipulation.",P10,"FR-ML-001,FR-ML-003,FR-ML-004,FR-ML-005,FR-ML-006,FR-ML-007",Reproducible CNN training/evaluation pipeline; Versioned image-model artifact and card; CNN inference service; CPU performance report; Safe unavailable-model behaviour,"Training/test group separation asserted; Preprocessing parity between training and inference; Artifact hash/version check; Corrupt/unsupported image returns controlled error; Inference latency recorded on target container; Absent model produces PARTIAL, not fabricated probability",Not Started,Codex,
P12-T011,P12,CNN receipt-tampering classifier,P0,Add performance measurement for CPU inference in the deployment container,Add performance measurement for CPU inference in the deployment container.,P10,"FR-ML-001,FR-ML-003,FR-ML-004,FR-ML-005,FR-ML-006,FR-ML-007",Reproducible CNN training/evaluation pipeline; Versioned image-model artifact and card; CNN inference service; CPU performance report; Safe unavailable-model behaviour,"Training/test group separation asserted; Preprocessing parity between training and inference; Artifact hash/version check; Corrupt/unsupported image returns controlled error; Inference latency recorded on target container; Absent model produces PARTIAL, not fabricated probability",Not Started,Codex,
P13-T001,P13,"End-to-end analysis orchestration, rules and risk aggregation",P0,Implement `AnalysisOrchestrator` with validated state transitions and idempotent analysis requests,Implement `AnalysisOrchestrator` with validated state transitions and idempotent analysis requests.,"P07,P08,P09,P11,P12","FR-RISK-001,FR-RISK-002,FR-RISK-003,FR-RISK-004,FR-RISK-005,FR-RISK-006,FR-RISK-007,FR-VER-007,NFR-AUD-001,NFR-PERF-002",Analysis orchestrator; Versioned risk aggregation; Persisted analysis-run evidence; Mobile progress/result/evidence views; End-to-end golden tests,Idempotent retry does not duplicate a completed result; All component versions and timings are persisted; Risk and verification fields remain separate; Threshold boundaries tested; Subsystem failure produces PARTIAL with retained evidence; Reason codes match underlying evidence; Ownership and role access enforced,Not Started,Codex,
P13-T002,P13,"End-to-end analysis orchestration, rules and risk aggregation",P0,"Snapshot corrected OCR fields, parser/template versions, feature schema, rule set, model versions and thresholds at anal","Snapshot corrected OCR fields, parser/template versions, feature schema, rule set, model versions and thresholds at analysis start.","P07,P08,P09,P11,P12","FR-RISK-001,FR-RISK-002,FR-RISK-003,FR-RISK-004,FR-RISK-005,FR-RISK-006,FR-RISK-007,FR-VER-007,NFR-AUD-001,NFR-PERF-002",Analysis orchestrator; Versioned risk aggregation; Persisted analysis-run evidence; Mobile progress/result/evidence views; End-to-end golden tests,Idempotent retry does not duplicate a completed result; All component versions and timings are persisted; Risk and verification fields remain separate; Threshold boundaries tested; Subsystem failure produces PARTIAL with retained evidence; Reason codes match underlying evidence; Ownership and role access enforced,Not Started,Codex,
P13-T003,P13,"End-to-end analysis orchestration, rules and risk aggregation",P0,"Run verification, deterministic image analysis, CNN inference and structured-model inference through typed service inter","Run verification, deterministic image analysis, CNN inference and structured-model inference through typed service interfaces.","P07,P08,P09,P11,P12","FR-RISK-001,FR-RISK-002,FR-RISK-003,FR-RISK-004,FR-RISK-005,FR-RISK-006,FR-RISK-007,FR-VER-007,NFR-AUD-001,NFR-PERF-002",Analysis orchestrator; Versioned risk aggregation; Persisted analysis-run evidence; Mobile progress/result/evidence views; End-to-end golden tests,Idempotent retry does not duplicate a completed result; All component versions and timings are persisted; Risk and verification fields remain separate; Threshold boundaries tested; Subsystem failure produces PARTIAL with retained evidence; Reason codes match underlying evidence; Ownership and role access enforced,Not Started,Codex,
P13-T004,P13,"End-to-end analysis orchestration, rules and risk aggregation",P0,Persist subsystem start/end/error status and timings,Persist subsystem start/end/error status and timings. A subsystem failure must not destroy successful evidence.,"P07,P08,P09,P11,P12","FR-RISK-001,FR-RISK-002,FR-RISK-003,FR-RISK-004,FR-RISK-005,FR-RISK-006,FR-RISK-007,FR-VER-007,NFR-AUD-001,NFR-PERF-002",Analysis orchestrator; Versioned risk aggregation; Persisted analysis-run evidence; Mobile progress/result/evidence views; End-to-end golden tests,Idempotent retry does not duplicate a completed result; All component versions and timings are persisted; Risk and verification fields remain separate; Threshold boundaries tested; Subsystem failure produces PARTIAL with retained evidence; Reason codes match underlying evidence; Ownership and role access enforced,Not Started,Codex,
P13-T005,P13,"End-to-end analysis orchestration, rules and risk aggregation",P0,Implement the preliminary configurable score `R = 100 * (0,Implement the preliminary configurable score `R = 100 * (0.40*p_img + 0.40*p_ml + 0.20*p_rule)` while preserving the raw components.,"P07,P08,P09,P11,P12","FR-RISK-001,FR-RISK-002,FR-RISK-003,FR-RISK-004,FR-RISK-005,FR-RISK-006,FR-RISK-007,FR-VER-007,NFR-AUD-001,NFR-PERF-002",Analysis orchestrator; Versioned risk aggregation; Persisted analysis-run evidence; Mobile progress/result/evidence views; End-to-end golden tests,Idempotent retry does not duplicate a completed result; All component versions and timings are persisted; Risk and verification fields remain separate; Threshold boundaries tested; Subsystem failure produces PARTIAL with retained evidence; Reason codes match underlying evidence; Ownership and role access enforced,Not Started,Codex,
P13-T006,P13,"End-to-end analysis orchestration, rules and risk aggregation",P0,"Calibrate and store thresholds; initial defaults may be `GENUINE < 35`, `SUSPICIOUS 35–69","Calibrate and store thresholds; initial defaults may be `GENUINE < 35`, `SUSPICIOUS 35–69.99`, `FRAUDULENT >= 70` only until validated.","P07,P08,P09,P11,P12","FR-RISK-001,FR-RISK-002,FR-RISK-003,FR-RISK-004,FR-RISK-005,FR-RISK-006,FR-RISK-007,FR-VER-007,NFR-AUD-001,NFR-PERF-002",Analysis orchestrator; Versioned risk aggregation; Persisted analysis-run evidence; Mobile progress/result/evidence views; End-to-end golden tests,Idempotent retry does not duplicate a completed result; All component versions and timings are persisted; Risk and verification fields remain separate; Threshold boundaries tested; Subsystem failure produces PARTIAL with retained evidence; Reason codes match underlying evidence; Ownership and role access enforced,Not Started,Codex,
P13-T007,P13,"End-to-end analysis orchestration, rules and risk aggregation",P0,Define rule probability/severity mapping and ensure no circular feature leakage from the final label,Define rule probability/severity mapping and ensure no circular feature leakage from the final label.,"P07,P08,P09,P11,P12","FR-RISK-001,FR-RISK-002,FR-RISK-003,FR-RISK-004,FR-RISK-005,FR-RISK-006,FR-RISK-007,FR-VER-007,NFR-AUD-001,NFR-PERF-002",Analysis orchestrator; Versioned risk aggregation; Persisted analysis-run evidence; Mobile progress/result/evidence views; End-to-end golden tests,Idempotent retry does not duplicate a completed result; All component versions and timings are persisted; Risk and verification fields remain separate; Threshold boundaries tested; Subsystem failure produces PARTIAL with retained evidence; Reason codes match underlying evidence; Ownership and role access enforced,Not Started,Codex,
P13-T008,P13,"End-to-end analysis orchestration, rules and risk aggregation",P0,Create top reason-code selection and plain-language explanations,Create top reason-code selection and plain-language explanations.,"P07,P08,P09,P11,P12","FR-RISK-001,FR-RISK-002,FR-RISK-003,FR-RISK-004,FR-RISK-005,FR-RISK-006,FR-RISK-007,FR-VER-007,NFR-AUD-001,NFR-PERF-002",Analysis orchestrator; Versioned risk aggregation; Persisted analysis-run evidence; Mobile progress/result/evidence views; End-to-end golden tests,Idempotent retry does not duplicate a completed result; All component versions and timings are persisted; Risk and verification fields remain separate; Threshold boundaries tested; Subsystem failure produces PARTIAL with retained evidence; Reason codes match underlying evidence; Ownership and role access enforced,Not Started,Codex,
P13-T009,P13,"End-to-end analysis orchestration, rules and risk aggregation",P0,"Display verification separately, but allow a critical mismatch/reuse rule to contribute explicitly to fraud risk","Display verification separately, but allow a critical mismatch/reuse rule to contribute explicitly to fraud risk.","P07,P08,P09,P11,P12","FR-RISK-001,FR-RISK-002,FR-RISK-003,FR-RISK-004,FR-RISK-005,FR-RISK-006,FR-RISK-007,FR-VER-007,NFR-AUD-001,NFR-PERF-002",Analysis orchestrator; Versioned risk aggregation; Persisted analysis-run evidence; Mobile progress/result/evidence views; End-to-end golden tests,Idempotent retry does not duplicate a completed result; All component versions and timings are persisted; Risk and verification fields remain separate; Threshold boundaries tested; Subsystem failure produces PARTIAL with retained evidence; Reason codes match underlying evidence; Ownership and role access enforced,Not Started,Codex,
P13-T010,P13,"End-to-end analysis orchestration, rules and risk aggregation",P0,Return `PARTIAL` when required components are unavailable,Return `PARTIAL` when required components are unavailable. Use conservative messaging for insufficient evidence.,"P07,P08,P09,P11,P12","FR-RISK-001,FR-RISK-002,FR-RISK-003,FR-RISK-004,FR-RISK-005,FR-RISK-006,FR-RISK-007,FR-VER-007,NFR-AUD-001,NFR-PERF-002",Analysis orchestrator; Versioned risk aggregation; Persisted analysis-run evidence; Mobile progress/result/evidence views; End-to-end golden tests,Idempotent retry does not duplicate a completed result; All component versions and timings are persisted; Risk and verification fields remain separate; Threshold boundaries tested; Subsystem failure produces PARTIAL with retained evidence; Reason codes match underlying evidence; Ownership and role access enforced,Not Started,Codex,
P13-T011,P13,"End-to-end analysis orchestration, rules and risk aggregation",P0,Add full analysis API and mobile progress/result screens,Add full analysis API and mobile progress/result screens.,"P07,P08,P09,P11,P12","FR-RISK-001,FR-RISK-002,FR-RISK-003,FR-RISK-004,FR-RISK-005,FR-RISK-006,FR-RISK-007,FR-VER-007,NFR-AUD-001,NFR-PERF-002",Analysis orchestrator; Versioned risk aggregation; Persisted analysis-run evidence; Mobile progress/result/evidence views; End-to-end golden tests,Idempotent retry does not duplicate a completed result; All component versions and timings are persisted; Risk and verification fields remain separate; Threshold boundaries tested; Subsystem failure produces PARTIAL with retained evidence; Reason codes match underlying evidence; Ownership and role access enforced,Not Started,Codex,
P13-T012,P13,"End-to-end analysis orchestration, rules and risk aggregation",P0,"Create golden end-to-end fixtures for low-risk, suspicious, fraudulent, verified, unverified, mismatch and partial outco","Create golden end-to-end fixtures for low-risk, suspicious, fraudulent, verified, unverified, mismatch and partial outcomes.","P07,P08,P09,P11,P12","FR-RISK-001,FR-RISK-002,FR-RISK-003,FR-RISK-004,FR-RISK-005,FR-RISK-006,FR-RISK-007,FR-VER-007,NFR-AUD-001,NFR-PERF-002",Analysis orchestrator; Versioned risk aggregation; Persisted analysis-run evidence; Mobile progress/result/evidence views; End-to-end golden tests,Idempotent retry does not duplicate a completed result; All component versions and timings are persisted; Risk and verification fields remain separate; Threshold boundaries tested; Subsystem failure produces PARTIAL with retained evidence; Reason codes match underlying evidence; Ownership and role access enforced,Not Started,Codex,
P14-T001,P14,"History, search, downloadable reports and notifications",P1,"Implement paginated user transaction history with date, provider, risk, verification and status filters","Implement paginated user transaction history with date, provider, risk, verification and status filters.",P13,"FR-HIST-001,FR-HIST-002,FR-HIST-003,FR-HIST-004,FR-HIST-005,FR-HIST-006",History/search API and UI; Persisted detail reconstruction; Downloadable analysis summary; In-app notifications; Audit coverage,Pagination/filter combinations correct; Users cannot download another user's report; Historical detail remains stable after model activation changes; PDF/report masks configured fields; Notification read/unread and deep links work; External adapter failure does not lose in-app notification,Not Started,Codex,
P14-T002,P14,"History, search, downloadable reports and notifications",P1,Implement transaction detail that reconstructs result from persisted evidence rather than rerunning models,Implement transaction detail that reconstructs result from persisted evidence rather than rerunning models.,P13,"FR-HIST-001,FR-HIST-002,FR-HIST-003,FR-HIST-004,FR-HIST-005,FR-HIST-006",History/search API and UI; Persisted detail reconstruction; Downloadable analysis summary; In-app notifications; Audit coverage,Pagination/filter combinations correct; Users cannot download another user's report; Historical detail remains stable after model activation changes; PDF/report masks configured fields; Notification read/unread and deep links work; External adapter failure does not lose in-app notification,Not Started,Codex,
P14-T003,P14,"History, search, downloadable reports and notifications",P1,"Create a server-generated analysis summary PDF or equivalent downloadable report containing masked identifying data, res","Create a server-generated analysis summary PDF or equivalent downloadable report containing masked identifying data, result, reasons, verification comparisons, model/rule versions and disclaimer.",P13,"FR-HIST-001,FR-HIST-002,FR-HIST-003,FR-HIST-004,FR-HIST-005,FR-HIST-006",History/search API and UI; Persisted detail reconstruction; Downloadable analysis summary; In-app notifications; Audit coverage,Pagination/filter combinations correct; Users cannot download another user's report; Historical detail remains stable after model activation changes; PDF/report masks configured fields; Notification read/unread and deep links work; External adapter failure does not lose in-app notification,Not Started,Codex,
P14-T004,P14,"History, search, downloadable reports and notifications",P1,Authorise every report download; use a short-lived generated file or streamed response,Authorise every report download; use a short-lived generated file or streamed response.,P13,"FR-HIST-001,FR-HIST-002,FR-HIST-003,FR-HIST-004,FR-HIST-005,FR-HIST-006",History/search API and UI; Persisted detail reconstruction; Downloadable analysis summary; In-app notifications; Audit coverage,Pagination/filter combinations correct; Users cannot download another user's report; Historical detail remains stable after model activation changes; PDF/report masks configured fields; Notification read/unread and deep links work; External adapter failure does not lose in-app notification,Not Started,Codex,
P14-T005,P14,"History, search, downloadable reports and notifications",P1,"Implement in-app notification records for analysis completion, high-risk results and case-status changes","Implement in-app notification records for analysis completion, high-risk results and case-status changes.",P13,"FR-HIST-001,FR-HIST-002,FR-HIST-003,FR-HIST-004,FR-HIST-005,FR-HIST-006",History/search API and UI; Persisted detail reconstruction; Downloadable analysis summary; In-app notifications; Audit coverage,Pagination/filter combinations correct; Users cannot download another user's report; Historical detail remains stable after model activation changes; PDF/report masks configured fields; Notification read/unread and deep links work; External adapter failure does not lose in-app notification,Not Started,Codex,
P14-T006,P14,"History, search, downloadable reports and notifications",P1,"Implement notification list, unread count, mark-read and deep link to the relevant transaction/case","Implement notification list, unread count, mark-read and deep link to the relevant transaction/case.",P13,"FR-HIST-001,FR-HIST-002,FR-HIST-003,FR-HIST-004,FR-HIST-005,FR-HIST-006",History/search API and UI; Persisted detail reconstruction; Downloadable analysis summary; In-app notifications; Audit coverage,Pagination/filter combinations correct; Users cannot download another user's report; Historical detail remains stable after model activation changes; PDF/report masks configured fields; Notification read/unread and deep links work; External adapter failure does not lose in-app notification,Not Started,Codex,
P14-T007,P14,"History, search, downloadable reports and notifications",P1,Add optional notification-delivery adapter interface; keep external push/email disabled when credentials are absent,Add optional notification-delivery adapter interface; keep external push/email disabled when credentials are absent.,P13,"FR-HIST-001,FR-HIST-002,FR-HIST-003,FR-HIST-004,FR-HIST-005,FR-HIST-006",History/search API and UI; Persisted detail reconstruction; Downloadable analysis summary; In-app notifications; Audit coverage,Pagination/filter combinations correct; Users cannot download another user's report; Historical detail remains stable after model activation changes; PDF/report masks configured fields; Notification read/unread and deep links work; External adapter failure does not lose in-app notification,Not Started,Codex,
P14-T008,P14,"History, search, downloadable reports and notifications",P1,"Create mobile History, Transaction Detail, Report, Notifications and notification-settings screens","Create mobile History, Transaction Detail, Report, Notifications and notification-settings screens.",P13,"FR-HIST-001,FR-HIST-002,FR-HIST-003,FR-HIST-004,FR-HIST-005,FR-HIST-006",History/search API and UI; Persisted detail reconstruction; Downloadable analysis summary; In-app notifications; Audit coverage,Pagination/filter combinations correct; Users cannot download another user's report; Historical detail remains stable after model activation changes; PDF/report masks configured fields; Notification read/unread and deep links work; External adapter failure does not lose in-app notification,Not Started,Codex,
P14-T009,P14,"History, search, downloadable reports and notifications",P1,Add retention and regeneration rules for downloadable reports,Add retention and regeneration rules for downloadable reports.,P13,"FR-HIST-001,FR-HIST-002,FR-HIST-003,FR-HIST-004,FR-HIST-005,FR-HIST-006",History/search API and UI; Persisted detail reconstruction; Downloadable analysis summary; In-app notifications; Audit coverage,Pagination/filter combinations correct; Users cannot download another user's report; Historical detail remains stable after model activation changes; PDF/report masks configured fields; Notification read/unread and deep links work; External adapter failure does not lose in-app notification,Not Started,Codex,
P14-T010,P14,"History, search, downloadable reports and notifications",P1,Audit report generation/download and notification-delivery state changes,Audit report generation/download and notification-delivery state changes.,P13,"FR-HIST-001,FR-HIST-002,FR-HIST-003,FR-HIST-004,FR-HIST-005,FR-HIST-006",History/search API and UI; Persisted detail reconstruction; Downloadable analysis summary; In-app notifications; Audit coverage,Pagination/filter combinations correct; Users cannot download another user's report; Historical detail remains stable after model activation changes; PDF/report masks configured fields; Notification read/unread and deep links work; External adapter failure does not lose in-app notification,Not Started,Codex,
P15-T001,P15,"Fraud reporting, investigation and governance administration",P1,"Implement user suspicious-transaction report creation with category, description and linked transaction","Implement user suspicious-transaction report creation with category, description and linked transaction.","P05,P13","FR-CASE-001,FR-CASE-002,FR-CASE-003,FR-CASE-004,FR-CASE-005,FR-CASE-006,FR-ADM-001,FR-ADM-002,FR-ADM-003,FR-ADM-004",User report workflow; Investigator case queue/detail/decision; Admin registries and user management; Model/rule activation controls; Case reports and timelines,Decision requires reason and valid state; Automated result remains unchanged after decision; Duplicate case creation prevented; Investigator cannot access admin-only configuration; Last active administrator cannot be accidentally removed; Model/rule rollback produces audited version change,Not Started,Codex,
P15-T002,P15,"Fraud reporting, investigation and governance administration",P1,Automatically create or queue cases for configured high-risk outcomes without duplicating a user report,Automatically create or queue cases for configured high-risk outcomes without duplicating a user report.,"P05,P13","FR-CASE-001,FR-CASE-002,FR-CASE-003,FR-CASE-004,FR-CASE-005,FR-CASE-006,FR-ADM-001,FR-ADM-002,FR-ADM-003,FR-ADM-004",User report workflow; Investigator case queue/detail/decision; Admin registries and user management; Model/rule activation controls; Case reports and timelines,Decision requires reason and valid state; Automated result remains unchanged after decision; Duplicate case creation prevented; Investigator cannot access admin-only configuration; Last active administrator cannot be accidentally removed; Model/rule rollback produces audited version change,Not Started,Codex,
P15-T003,P15,"Fraud reporting, investigation and governance administration",P1,"Implement case assignment, status transitions, notes and reasoned confirm/dismiss/escalate decisions","Implement case assignment, status transitions, notes and reasoned confirm/dismiss/escalate decisions.","P05,P13","FR-CASE-001,FR-CASE-002,FR-CASE-003,FR-CASE-004,FR-CASE-005,FR-CASE-006,FR-ADM-001,FR-ADM-002,FR-ADM-003,FR-ADM-004",User report workflow; Investigator case queue/detail/decision; Admin registries and user management; Model/rule activation controls; Case reports and timelines,Decision requires reason and valid state; Automated result remains unchanged after decision; Duplicate case creation prevented; Investigator cannot access admin-only configuration; Last active administrator cannot be accidentally removed; Model/rule rollback produces audited version change,Not Started,Codex,
P15-T004,P15,"Fraud reporting, investigation and governance administration",P1,Keep human decision fields separate from automated risk and verification records,Keep human decision fields separate from automated risk and verification records.,"P05,P13","FR-CASE-001,FR-CASE-002,FR-CASE-003,FR-CASE-004,FR-CASE-005,FR-CASE-006,FR-ADM-001,FR-ADM-002,FR-ADM-003,FR-ADM-004",User report workflow; Investigator case queue/detail/decision; Admin registries and user management; Model/rule activation controls; Case reports and timelines,Decision requires reason and valid state; Automated result remains unchanged after decision; Duplicate case creation prevented; Investigator cannot access admin-only configuration; Last active administrator cannot be accidentally removed; Model/rule rollback produces audited version change,Not Started,Codex,
P15-T005,P15,"Fraud reporting, investigation and governance administration",P1,"Implement investigator Case Queue and Case Detail with private original/derived evidence, OCR comparison, model/rule evi","Implement investigator Case Queue and Case Detail with private original/derived evidence, OCR comparison, model/rule evidence, verification comparison and timeline.","P05,P13","FR-CASE-001,FR-CASE-002,FR-CASE-003,FR-CASE-004,FR-CASE-005,FR-CASE-006,FR-ADM-001,FR-ADM-002,FR-ADM-003,FR-ADM-004",User report workflow; Investigator case queue/detail/decision; Admin registries and user management; Model/rule activation controls; Case reports and timelines,Decision requires reason and valid state; Automated result remains unchanged after decision; Duplicate case creation prevented; Investigator cannot access admin-only configuration; Last active administrator cannot be accidentally removed; Model/rule rollback produces audited version change,Not Started,Codex,
P15-T006,P15,"Fraud reporting, investigation and governance administration",P1,Implement administrator user/role management with last-admin safeguards and audited role changes,Implement administrator user/role management with last-admin safeguards and audited role changes.,"P05,P13","FR-CASE-001,FR-CASE-002,FR-CASE-003,FR-CASE-004,FR-CASE-005,FR-CASE-006,FR-ADM-001,FR-ADM-002,FR-ADM-003,FR-ADM-004",User report workflow; Investigator case queue/detail/decision; Admin registries and user management; Model/rule activation controls; Case reports and timelines,Decision requires reason and valid state; Automated result remains unchanged after decision; Duplicate case creation prevented; Investigator cannot access admin-only configuration; Last active administrator cannot be accidentally removed; Model/rule rollback produces audited version change,Not Started,Codex,
P15-T007,P15,"Fraud reporting, investigation and governance administration",P1,"Implement receipt-template registry, rule registry and thresholds with draft/active/retired version states","Implement receipt-template registry, rule registry and thresholds with draft/active/retired version states.","P05,P13","FR-CASE-001,FR-CASE-002,FR-CASE-003,FR-CASE-004,FR-CASE-005,FR-CASE-006,FR-ADM-001,FR-ADM-002,FR-ADM-003,FR-ADM-004",User report workflow; Investigator case queue/detail/decision; Admin registries and user management; Model/rule activation controls; Case reports and timelines,Decision requires reason and valid state; Automated result remains unchanged after decision; Duplicate case creation prevented; Investigator cannot access admin-only configuration; Last active administrator cannot be accidentally removed; Model/rule rollback produces audited version change,Not Started,Codex,
P15-T008,P15,"Fraud reporting, investigation and governance administration",P1,Implement model registry views and controlled activation/rollback; activation requires artefact hash and readiness check,Implement model registry views and controlled activation/rollback; activation requires artefact hash and readiness checks.,"P05,P13","FR-CASE-001,FR-CASE-002,FR-CASE-003,FR-CASE-004,FR-CASE-005,FR-CASE-006,FR-ADM-001,FR-ADM-002,FR-ADM-003,FR-ADM-004",User report workflow; Investigator case queue/detail/decision; Admin registries and user management; Model/rule activation controls; Case reports and timelines,Decision requires reason and valid state; Automated result remains unchanged after decision; Duplicate case creation prevented; Investigator cannot access admin-only configuration; Last active administrator cannot be accidentally removed; Model/rule rollback produces audited version change,Not Started,Codex,
P15-T009,P15,"Fraud reporting, investigation and governance administration",P1,Implement reference-import administration from P08,Implement reference-import administration from P08.,"P05,P13","FR-CASE-001,FR-CASE-002,FR-CASE-003,FR-CASE-004,FR-CASE-005,FR-CASE-006,FR-ADM-001,FR-ADM-002,FR-ADM-003,FR-ADM-004",User report workflow; Investigator case queue/detail/decision; Admin registries and user management; Model/rule activation controls; Case reports and timelines,Decision requires reason and valid state; Automated result remains unchanged after decision; Duplicate case creation prevented; Investigator cannot access admin-only configuration; Last active administrator cannot be accidentally removed; Model/rule rollback produces audited version change,Not Started,Codex,
P15-T010,P15,"Fraud reporting, investigation and governance administration",P1,Implement case report generation and audit timeline,Implement case report generation and audit timeline.,"P05,P13","FR-CASE-001,FR-CASE-002,FR-CASE-003,FR-CASE-004,FR-CASE-005,FR-CASE-006,FR-ADM-001,FR-ADM-002,FR-ADM-003,FR-ADM-004",User report workflow; Investigator case queue/detail/decision; Admin registries and user management; Model/rule activation controls; Case reports and timelines,Decision requires reason and valid state; Automated result remains unchanged after decision; Duplicate case creation prevented; Investigator cannot access admin-only configuration; Last active administrator cannot be accidentally removed; Model/rule rollback produces audited version change,Not Started,Codex,
P15-T011,P15,"Fraud reporting, investigation and governance administration",P1,Apply field masking according to role and purpose,Apply field masking according to role and purpose.,"P05,P13","FR-CASE-001,FR-CASE-002,FR-CASE-003,FR-CASE-004,FR-CASE-005,FR-CASE-006,FR-ADM-001,FR-ADM-002,FR-ADM-003,FR-ADM-004",User report workflow; Investigator case queue/detail/decision; Admin registries and user management; Model/rule activation controls; Case reports and timelines,Decision requires reason and valid state; Automated result remains unchanged after decision; Duplicate case creation prevented; Investigator cannot access admin-only configuration; Last active administrator cannot be accidentally removed; Model/rule rollback produces audited version change,Not Started,Codex,
P16-T001,P16,"Operational dashboard, analytics, audit and system status",P1,"Implement dashboard aggregates: total analyses, processing states, risk-class counts, verification counts, cases by stat","Implement dashboard aggregates: total analyses, processing states, risk-class counts, verification counts, cases by status, average latency and model availability.","P05,P13,P15","FR-ADM-005,FR-ADM-006,FR-ADM-007,FR-AUD-001,FR-AUD-002,FR-AUD-004,NFR-PERF-003",Admin dashboard; Operational search and exports; Audit-log UI; System status UI; Analytics tests,Aggregate values match seeded ground truth; Date/provider filters correct; Export limits and role permissions enforced; Dashboard avoids unbounded queries; Sensitive values masked in logs/UI; Status correctly reports unavailable dependencies,Not Started,Codex,
P16-T002,P16,"Operational dashboard, analytics, audit and system status",P1,Implement date/provider filters and safe trend charts,Implement date/provider filters and safe trend charts.,"P05,P13,P15","FR-ADM-005,FR-ADM-006,FR-ADM-007,FR-AUD-001,FR-AUD-002,FR-AUD-004,NFR-PERF-003",Admin dashboard; Operational search and exports; Audit-log UI; System status UI; Analytics tests,Aggregate values match seeded ground truth; Date/provider filters correct; Export limits and role permissions enforced; Dashboard avoids unbounded queries; Sensitive values masked in logs/UI; Status correctly reports unavailable dependencies,Not Started,Codex,
P16-T003,P16,"Operational dashboard, analytics, audit and system status",P1,Implement transaction search/list for authorised staff with masked values and role-limited detail,Implement transaction search/list for authorised staff with masked values and role-limited detail.,"P05,P13,P15","FR-ADM-005,FR-ADM-006,FR-ADM-007,FR-AUD-001,FR-AUD-002,FR-AUD-004,NFR-PERF-003",Admin dashboard; Operational search and exports; Audit-log UI; System status UI; Analytics tests,Aggregate values match seeded ground truth; Date/provider filters correct; Export limits and role permissions enforced; Dashboard avoids unbounded queries; Sensitive values masked in logs/UI; Status correctly reports unavailable dependencies,Not Started,Codex,
P16-T004,P16,"Operational dashboard, analytics, audit and system status",P1,"Implement audit-log search by actor, action, target, date and request ID; full sensitive payloads must not be logged","Implement audit-log search by actor, action, target, date and request ID; full sensitive payloads must not be logged.","P05,P13,P15","FR-ADM-005,FR-ADM-006,FR-ADM-007,FR-AUD-001,FR-AUD-002,FR-AUD-004,NFR-PERF-003",Admin dashboard; Operational search and exports; Audit-log UI; System status UI; Analytics tests,Aggregate values match seeded ground truth; Date/provider filters correct; Export limits and role permissions enforced; Dashboard avoids unbounded queries; Sensitive values masked in logs/UI; Status correctly reports unavailable dependencies,Not Started,Codex,
P16-T005,P16,"Operational dashboard, analytics, audit and system status",P1,"Implement system-status page for database, storage, Tesseract, active models and optional notification adapters","Implement system-status page for database, storage, Tesseract, active models and optional notification adapters.","P05,P13,P15","FR-ADM-005,FR-ADM-006,FR-ADM-007,FR-AUD-001,FR-AUD-002,FR-AUD-004,NFR-PERF-003",Admin dashboard; Operational search and exports; Audit-log UI; System status UI; Analytics tests,Aggregate values match seeded ground truth; Date/provider filters correct; Export limits and role permissions enforced; Dashboard avoids unbounded queries; Sensitive values masked in logs/UI; Status correctly reports unavailable dependencies,Not Started,Codex,
P16-T006,P16,"Operational dashboard, analytics, audit and system status",P1,"Implement operational reports/export with row limits, authorisation and audit","Implement operational reports/export with row limits, authorisation and audit.","P05,P13,P15","FR-ADM-005,FR-ADM-006,FR-ADM-007,FR-AUD-001,FR-AUD-002,FR-AUD-004,NFR-PERF-003",Admin dashboard; Operational search and exports; Audit-log UI; System status UI; Analytics tests,Aggregate values match seeded ground truth; Date/provider filters correct; Export limits and role permissions enforced; Dashboard avoids unbounded queries; Sensitive values masked in logs/UI; Status correctly reports unavailable dependencies,Not Started,Codex,
P16-T007,P16,"Operational dashboard, analytics, audit and system status",P1,"Use database indexes/aggregations appropriate for 100,000 analysis records; avoid loading all rows into application memo","Use database indexes/aggregations appropriate for 100,000 analysis records; avoid loading all rows into application memory.","P05,P13,P15","FR-ADM-005,FR-ADM-006,FR-ADM-007,FR-AUD-001,FR-AUD-002,FR-AUD-004,NFR-PERF-003",Admin dashboard; Operational search and exports; Audit-log UI; System status UI; Analytics tests,Aggregate values match seeded ground truth; Date/provider filters correct; Export limits and role permissions enforced; Dashboard avoids unbounded queries; Sensitive values masked in logs/UI; Status correctly reports unavailable dependencies,Not Started,Codex,
P16-T008,P16,"Operational dashboard, analytics, audit and system status",P1,"Add empty, loading, partial-data and unavailable-component states","Add empty, loading, partial-data and unavailable-component states.","P05,P13,P15","FR-ADM-005,FR-ADM-006,FR-ADM-007,FR-AUD-001,FR-AUD-002,FR-AUD-004,NFR-PERF-003",Admin dashboard; Operational search and exports; Audit-log UI; System status UI; Analytics tests,Aggregate values match seeded ground truth; Date/provider filters correct; Export limits and role permissions enforced; Dashboard avoids unbounded queries; Sensitive values masked in logs/UI; Status correctly reports unavailable dependencies,Not Started,Codex,
P16-T009,P16,"Operational dashboard, analytics, audit and system status",P1,Add chart/table accessibility and downloadable tabular alternatives,Add chart/table accessibility and downloadable tabular alternatives.,"P05,P13,P15","FR-ADM-005,FR-ADM-006,FR-ADM-007,FR-AUD-001,FR-AUD-002,FR-AUD-004,NFR-PERF-003",Admin dashboard; Operational search and exports; Audit-log UI; System status UI; Analytics tests,Aggregate values match seeded ground truth; Date/provider filters correct; Export limits and role permissions enforced; Dashboard avoids unbounded queries; Sensitive values masked in logs/UI; Status correctly reports unavailable dependencies,Not Started,Codex,
P16-T010,P16,"Operational dashboard, analytics, audit and system status",P1,Add analytics correctness and permission tests,Add analytics correctness and permission tests.,"P05,P13,P15","FR-ADM-005,FR-ADM-006,FR-ADM-007,FR-AUD-001,FR-AUD-002,FR-AUD-004,NFR-PERF-003",Admin dashboard; Operational search and exports; Audit-log UI; System status UI; Analytics tests,Aggregate values match seeded ground truth; Date/provider filters correct; Export limits and role permissions enforced; Dashboard avoids unbounded queries; Sensitive values masked in logs/UI; Status correctly reports unavailable dependencies,Not Started,Codex,
P17-T001,P17,"UI completion, accessibility, responsive and visual QA",P1,Perform a screen inventory against `06_UI_UX_IMPLEMENTATION_SPEC,"Perform a screen inventory against `06_UI_UX_IMPLEMENTATION_SPEC.md`; implement every missing loading, empty, error, retry, offline, permission and destructive-confirmation state.","P04,P05,P14,P15,P16","NFR-USE-001,NFR-USE-002,NFR-COMP-001",Complete final UI; Accessibility review; Responsive/viewport evidence; Visual regression baseline; Final screenshots,Critical journeys complete by keyboard/screen-reader-friendly controls; No colour-only status; No viewport overflow at agreed sizes; All forms announce errors; Screenshot/visual checks reviewed; Mobile primary analysis starts within the specified principal-action target,Not Started,Codex,
P17-T002,P17,"UI completion, accessibility, responsive and visual QA",P1,Apply final brand tokens while keeping semantic status accessible through text and icons,Apply final brand tokens while keeping semantic status accessible through text and icons.,"P04,P05,P14,P15,P16","NFR-USE-001,NFR-USE-002,NFR-COMP-001",Complete final UI; Accessibility review; Responsive/viewport evidence; Visual regression baseline; Final screenshots,Critical journeys complete by keyboard/screen-reader-friendly controls; No colour-only status; No viewport overflow at agreed sizes; All forms announce errors; Screenshot/visual checks reviewed; Mobile primary analysis starts within the specified principal-action target,Not Started,Codex,
P17-T003,P17,"UI completion, accessibility, responsive and visual QA",P1,"Ensure risk and verification presentation is consistent on cards, detail pages, PDFs and dashboards","Ensure risk and verification presentation is consistent on cards, detail pages, PDFs and dashboards.","P04,P05,P14,P15,P16","NFR-USE-001,NFR-USE-002,NFR-COMP-001",Complete final UI; Accessibility review; Responsive/viewport evidence; Visual regression baseline; Final screenshots,Critical journeys complete by keyboard/screen-reader-friendly controls; No colour-only status; No viewport overflow at agreed sizes; All forms announce errors; Screenshot/visual checks reviewed; Mobile primary analysis starts within the specified principal-action target,Not Started,Codex,
P17-T004,P17,"UI completion, accessibility, responsive and visual QA",P1,"Improve receipt image zoom/pan, OCR field-to-image highlighting and evidence explanations","Improve receipt image zoom/pan, OCR field-to-image highlighting and evidence explanations.","P04,P05,P14,P15,P16","NFR-USE-001,NFR-USE-002,NFR-COMP-001",Complete final UI; Accessibility review; Responsive/viewport evidence; Visual regression baseline; Final screenshots,Critical journeys complete by keyboard/screen-reader-friendly controls; No colour-only status; No viewport overflow at agreed sizes; All forms announce errors; Screenshot/visual checks reviewed; Mobile primary analysis starts within the specified principal-action target,Not Started,Codex,
P17-T005,P17,"UI completion, accessibility, responsive and visual QA",P1,"Review mobile keyboard, small-screen, safe-area, orientation and dynamic-text behaviour","Review mobile keyboard, small-screen, safe-area, orientation and dynamic-text behaviour.","P04,P05,P14,P15,P16","NFR-USE-001,NFR-USE-002,NFR-COMP-001",Complete final UI; Accessibility review; Responsive/viewport evidence; Visual regression baseline; Final screenshots,Critical journeys complete by keyboard/screen-reader-friendly controls; No colour-only status; No viewport overflow at agreed sizes; All forms announce errors; Screenshot/visual checks reviewed; Mobile primary analysis starts within the specified principal-action target,Not Started,Codex,
P17-T006,P17,"UI completion, accessibility, responsive and visual QA",P1,Review admin at required desktop/tablet widths; eliminate layout overflow and inaccessible table interactions,Review admin at required desktop/tablet widths; eliminate layout overflow and inaccessible table interactions.,"P04,P05,P14,P15,P16","NFR-USE-001,NFR-USE-002,NFR-COMP-001",Complete final UI; Accessibility review; Responsive/viewport evidence; Visual regression baseline; Final screenshots,Critical journeys complete by keyboard/screen-reader-friendly controls; No colour-only status; No viewport overflow at agreed sizes; All forms announce errors; Screenshot/visual checks reviewed; Mobile primary analysis starts within the specified principal-action target,Not Started,Codex,
P17-T007,P17,"UI completion, accessibility, responsive and visual QA",P1,"Add accessibility labels, landmarks, form descriptions, focus management, contrast checks and reduced-motion support","Add accessibility labels, landmarks, form descriptions, focus management, contrast checks and reduced-motion support.","P04,P05,P14,P15,P16","NFR-USE-001,NFR-USE-002,NFR-COMP-001",Complete final UI; Accessibility review; Responsive/viewport evidence; Visual regression baseline; Final screenshots,Critical journeys complete by keyboard/screen-reader-friendly controls; No colour-only status; No viewport overflow at agreed sizes; All forms announce errors; Screenshot/visual checks reviewed; Mobile primary analysis starts within the specified principal-action target,Not Started,Codex,
P17-T008,P17,"UI completion, accessibility, responsive and visual QA",P1,Run visual regression or screenshot comparison for critical screens,Run visual regression or screenshot comparison for critical screens.,"P04,P05,P14,P15,P16","NFR-USE-001,NFR-USE-002,NFR-COMP-001",Complete final UI; Accessibility review; Responsive/viewport evidence; Visual regression baseline; Final screenshots,Critical journeys complete by keyboard/screen-reader-friendly controls; No colour-only status; No viewport overflow at agreed sizes; All forms announce errors; Screenshot/visual checks reviewed; Mobile primary analysis starts within the specified principal-action target,Not Started,Codex,
P17-T009,P17,"UI completion, accessibility, responsive and visual QA",P1,Capture final UI screenshots separately from Chapter Three wireframes,Capture final UI screenshots separately from Chapter Three wireframes.,"P04,P05,P14,P15,P16","NFR-USE-001,NFR-USE-002,NFR-COMP-001",Complete final UI; Accessibility review; Responsive/viewport evidence; Visual regression baseline; Final screenshots,Critical journeys complete by keyboard/screen-reader-friendly controls; No colour-only status; No viewport overflow at agreed sizes; All forms announce errors; Screenshot/visual checks reviewed; Mobile primary analysis starts within the specified principal-action target,Not Started,Codex,
P17-T010,P17,"UI completion, accessibility, responsive and visual QA",P1,Conduct a user-journey review with non-technical copy and remove debug/internal terminology,Conduct a user-journey review with non-technical copy and remove debug/internal terminology.,"P04,P05,P14,P15,P16","NFR-USE-001,NFR-USE-002,NFR-COMP-001",Complete final UI; Accessibility review; Responsive/viewport evidence; Visual regression baseline; Final screenshots,Critical journeys complete by keyboard/screen-reader-friendly controls; No colour-only status; No viewport overflow at agreed sizes; All forms announce errors; Screenshot/visual checks reviewed; Mobile primary analysis starts within the specified principal-action target,Not Started,Codex,
P18-T001,P18,"Full hardening, security, performance and regression QA",P0,Run the complete test matrix in `09_TESTING_QA_RELEASE_PLAN,Run the complete test matrix in `09_TESTING_QA_RELEASE_PLAN.md` on a clean clone and clean database.,P17,"NFR-PERF-001,NFR-PERF-002,NFR-PERF-003,NFR-SEC-001,NFR-SEC-002,NFR-SEC-003,NFR-PRIV-001,NFR-REL-001,NFR-REL-002,NFR-ACC-001,NFR-ACC-002,NFR-USE-002,NFR-BACK-001",Complete regression suite; Security test report; Performance report; Backup/recovery evidence; Defect list and resolutions,Root verification command passes; Critical security test suite passes; No unresolved critical/high defect; Coverage reports meet targets or exception is documented; Performance results are measured and reproducible; Clean clone verification succeeds,Not Started,Codex,
P18-T002,P18,"Full hardening, security, performance and regression QA",P0,"Add missing backend unit/integration tests to meet coverage targets, prioritising auth, ownership, upload, verification,","Add missing backend unit/integration tests to meet coverage targets, prioritising auth, ownership, upload, verification, risk and case decisions.",P17,"NFR-PERF-001,NFR-PERF-002,NFR-PERF-003,NFR-SEC-001,NFR-SEC-002,NFR-SEC-003,NFR-PRIV-001,NFR-REL-001,NFR-REL-002,NFR-ACC-001,NFR-ACC-002,NFR-USE-002,NFR-BACK-001",Complete regression suite; Security test report; Performance report; Backup/recovery evidence; Defect list and resolutions,Root verification command passes; Critical security test suite passes; No unresolved critical/high defect; Coverage reports meet targets or exception is documented; Performance results are measured and reproducible; Clean clone verification succeeds,Not Started,Codex,
P18-T003,P18,"Full hardening, security, performance and regression QA",P0,Complete mobile and admin unit/component tests and critical Playwright/Detox-or-equivalent flows,Complete mobile and admin unit/component tests and critical Playwright/Detox-or-equivalent flows.,P17,"NFR-PERF-001,NFR-PERF-002,NFR-PERF-003,NFR-SEC-001,NFR-SEC-002,NFR-SEC-003,NFR-PRIV-001,NFR-REL-001,NFR-REL-002,NFR-ACC-001,NFR-ACC-002,NFR-USE-002,NFR-BACK-001",Complete regression suite; Security test report; Performance report; Backup/recovery evidence; Defect list and resolutions,Root verification command passes; Critical security test suite passes; No unresolved critical/high defect; Coverage reports meet targets or exception is documented; Performance results are measured and reproducible; Clean clone verification succeeds,Not Started,Codex,
P18-T004,P18,"Full hardening, security, performance and regression QA",P0,"Run upload abuse, IDOR, role bypass, token, rate-limit, injection, export and private-file tests","Run upload abuse, IDOR, role bypass, token, rate-limit, injection, export and private-file tests.",P17,"NFR-PERF-001,NFR-PERF-002,NFR-PERF-003,NFR-SEC-001,NFR-SEC-002,NFR-SEC-003,NFR-PRIV-001,NFR-REL-001,NFR-REL-002,NFR-ACC-001,NFR-ACC-002,NFR-USE-002,NFR-BACK-001",Complete regression suite; Security test report; Performance report; Backup/recovery evidence; Defect list and resolutions,Root verification command passes; Critical security test suite passes; No unresolved critical/high defect; Coverage reports meet targets or exception is documented; Performance results are measured and reproducible; Clean clone verification succeeds,Not Started,Codex,
P18-T005,P18,"Full hardening, security, performance and regression QA",P0,"Run dependency vulnerability audit, secret scan and static analysis; triage findings rather than hiding them","Run dependency vulnerability audit, secret scan and static analysis; triage findings rather than hiding them.",P17,"NFR-PERF-001,NFR-PERF-002,NFR-PERF-003,NFR-SEC-001,NFR-SEC-002,NFR-SEC-003,NFR-PRIV-001,NFR-REL-001,NFR-REL-002,NFR-ACC-001,NFR-ACC-002,NFR-USE-002,NFR-BACK-001",Complete regression suite; Security test report; Performance report; Backup/recovery evidence; Defect list and resolutions,Root verification command passes; Critical security test suite passes; No unresolved critical/high defect; Coverage reports meet targets or exception is documented; Performance results are measured and reproducible; Clean clone verification succeeds,Not Started,Codex,
P18-T006,P18,"Full hardening, security, performance and regression QA",P0,Run performance tests for login/history/upload/analysis and dashboard queries,Run performance tests for login/history/upload/analysis and dashboard queries. Record hardware/environment and actual results.,P17,"NFR-PERF-001,NFR-PERF-002,NFR-PERF-003,NFR-SEC-001,NFR-SEC-002,NFR-SEC-003,NFR-PRIV-001,NFR-REL-001,NFR-REL-002,NFR-ACC-001,NFR-ACC-002,NFR-USE-002,NFR-BACK-001",Complete regression suite; Security test report; Performance report; Backup/recovery evidence; Defect list and resolutions,Root verification command passes; Critical security test suite passes; No unresolved critical/high defect; Coverage reports meet targets or exception is documented; Performance results are measured and reproducible; Clean clone verification succeeds,Not Started,Codex,
P18-T007,P18,"Full hardening, security, performance and regression QA",P0,Run 25-concurrent-analysis prototype test or document the measured limit and bottleneck honestly,Run 25-concurrent-analysis prototype test or document the measured limit and bottleneck honestly.,P17,"NFR-PERF-001,NFR-PERF-002,NFR-PERF-003,NFR-SEC-001,NFR-SEC-002,NFR-SEC-003,NFR-PRIV-001,NFR-REL-001,NFR-REL-002,NFR-ACC-001,NFR-ACC-002,NFR-USE-002,NFR-BACK-001",Complete regression suite; Security test report; Performance report; Backup/recovery evidence; Defect list and resolutions,Root verification command passes; Critical security test suite passes; No unresolved critical/high defect; Coverage reports meet targets or exception is documented; Performance results are measured and reproducible; Clean clone verification succeeds,Not Started,Codex,
P18-T008,P18,"Full hardening, security, performance and regression QA",P0,"Verify backup/restore, migration rollback plan and storage/database consistency recovery","Verify backup/restore, migration rollback plan and storage/database consistency recovery.",P17,"NFR-PERF-001,NFR-PERF-002,NFR-PERF-003,NFR-SEC-001,NFR-SEC-002,NFR-SEC-003,NFR-PRIV-001,NFR-REL-001,NFR-REL-002,NFR-ACC-001,NFR-ACC-002,NFR-USE-002,NFR-BACK-001",Complete regression suite; Security test report; Performance report; Backup/recovery evidence; Defect list and resolutions,Root verification command passes; Critical security test suite passes; No unresolved critical/high defect; Coverage reports meet targets or exception is documented; Performance results are measured and reproducible; Clean clone verification succeeds,Not Started,Codex,
P18-T009,P18,"Full hardening, security, performance and regression QA",P0,"Test model artifact corruption, missing Tesseract, database interruption, storage failure and partial-analysis recovery","Test model artifact corruption, missing Tesseract, database interruption, storage failure and partial-analysis recovery.",P17,"NFR-PERF-001,NFR-PERF-002,NFR-PERF-003,NFR-SEC-001,NFR-SEC-002,NFR-SEC-003,NFR-PRIV-001,NFR-REL-001,NFR-REL-002,NFR-ACC-001,NFR-ACC-002,NFR-USE-002,NFR-BACK-001",Complete regression suite; Security test report; Performance report; Backup/recovery evidence; Defect list and resolutions,Root verification command passes; Critical security test suite passes; No unresolved critical/high defect; Coverage reports meet targets or exception is documented; Performance results are measured and reproducible; Clean clone verification succeeds,Not Started,Codex,
P18-T010,P18,"Full hardening, security, performance and regression QA",P0,Review logs for PII/secrets and validate audit completeness,Review logs for PII/secrets and validate audit completeness.,P17,"NFR-PERF-001,NFR-PERF-002,NFR-PERF-003,NFR-SEC-001,NFR-SEC-002,NFR-SEC-003,NFR-PRIV-001,NFR-REL-001,NFR-REL-002,NFR-ACC-001,NFR-ACC-002,NFR-USE-002,NFR-BACK-001",Complete regression suite; Security test report; Performance report; Backup/recovery evidence; Defect list and resolutions,Root verification command passes; Critical security test suite passes; No unresolved critical/high defect; Coverage reports meet targets or exception is documented; Performance results are measured and reproducible; Clean clone verification succeeds,Not Started,Codex,
P18-T011,P18,"Full hardening, security, performance and regression QA",P0,Create `docs/qa/P18_TEST_REPORT,"Create `docs/qa/P18_TEST_REPORT.md` with commands, versions, pass counts, failures and accepted risks.",P17,"NFR-PERF-001,NFR-PERF-002,NFR-PERF-003,NFR-SEC-001,NFR-SEC-002,NFR-SEC-003,NFR-PRIV-001,NFR-REL-001,NFR-REL-002,NFR-ACC-001,NFR-ACC-002,NFR-USE-002,NFR-BACK-001",Complete regression suite; Security test report; Performance report; Backup/recovery evidence; Defect list and resolutions,Root verification command passes; Critical security test suite passes; No unresolved critical/high defect; Coverage reports meet targets or exception is documented; Performance results are measured and reproducible; Clean clone verification succeeds,Not Started,Codex,
P19-T001,P19,"Staging deployment, release engineering and rollback",P0,"Create production Docker image with pinned dependencies, non-root runtime, Tesseract language data and health checks","Create production Docker image with pinned dependencies, non-root runtime, Tesseract language data and health checks.",P18,"FR-AUD-005,NFR-SEC-001,NFR-SEC-002,NFR-REL-001,NFR-BACK-001,NFR-COMP-001",Staging API/admin/mobile build or deploy-ready manifests; Release and rollback runbook; Environment/secrets checklist; Staging smoke evidence; Tagged release candidate,Health/readiness from staging; End-to-end safe receipt flow on staging; Private image URL not public; Migration revision matches application; Rollback rehearsal documented; No secret exposed in frontend/mobile bundles or repository,Not Started,Codex,
P19-T002,P19,"Staging deployment, release engineering and rollback",P0,"Create staging configuration for API, managed PostgreSQL and private S3-compatible storage","Create staging configuration for API, managed PostgreSQL and private S3-compatible storage. Use environment secrets, never committed credentials.",P18,"FR-AUD-005,NFR-SEC-001,NFR-SEC-002,NFR-REL-001,NFR-BACK-001,NFR-COMP-001",Staging API/admin/mobile build or deploy-ready manifests; Release and rollback runbook; Environment/secrets checklist; Staging smoke evidence; Tagged release candidate,Health/readiness from staging; End-to-end safe receipt flow on staging; Private image URL not public; Migration revision matches application; Rollback rehearsal documented; No secret exposed in frontend/mobile bundles or repository,Not Started,Codex,
P19-T003,P19,"Staging deployment, release engineering and rollback",P0,Deploy the administrator portal with correct API origin and security headers,Deploy the administrator portal with correct API origin and security headers.,P18,"FR-AUD-005,NFR-SEC-001,NFR-SEC-002,NFR-REL-001,NFR-BACK-001,NFR-COMP-001",Staging API/admin/mobile build or deploy-ready manifests; Release and rollback runbook; Environment/secrets checklist; Staging smoke evidence; Tagged release candidate,Health/readiness from staging; End-to-end safe receipt flow on staging; Private image URL not public; Migration revision matches application; Rollback rehearsal documented; No secret exposed in frontend/mobile bundles or repository,Not Started,Codex,
P19-T004,P19,"Staging deployment, release engineering and rollback",P0,Create Expo EAS configuration and an internal Android build; iOS build is conditional on account access,Create Expo EAS configuration and an internal Android build; iOS build is conditional on account access.,P18,"FR-AUD-005,NFR-SEC-001,NFR-SEC-002,NFR-REL-001,NFR-BACK-001,NFR-COMP-001",Staging API/admin/mobile build or deploy-ready manifests; Release and rollback runbook; Environment/secrets checklist; Staging smoke evidence; Tagged release candidate,Health/readiness from staging; End-to-end safe receipt flow on staging; Private image URL not public; Migration revision matches application; Rollback rehearsal documented; No secret exposed in frontend/mobile bundles or repository,Not Started,Codex,
P19-T005,P19,"Staging deployment, release engineering and rollback",P0,Run database migrations as an explicit release step; do not rely on multiple web workers racing migrations,Run database migrations as an explicit release step; do not rely on multiple web workers racing migrations.,P18,"FR-AUD-005,NFR-SEC-001,NFR-SEC-002,NFR-REL-001,NFR-BACK-001,NFR-COMP-001",Staging API/admin/mobile build or deploy-ready manifests; Release and rollback runbook; Environment/secrets checklist; Staging smoke evidence; Tagged release candidate,Health/readiness from staging; End-to-end safe receipt flow on staging; Private image URL not public; Migration revision matches application; Rollback rehearsal documented; No secret exposed in frontend/mobile bundles or repository,Not Started,Codex,
P19-T006,P19,"Staging deployment, release engineering and rollback",P0,"Create bootstrap-admin process, CORS/CSRF/cookie domain configuration and signed/private storage verification","Create bootstrap-admin process, CORS/CSRF/cookie domain configuration and signed/private storage verification.",P18,"FR-AUD-005,NFR-SEC-001,NFR-SEC-002,NFR-REL-001,NFR-BACK-001,NFR-COMP-001",Staging API/admin/mobile build or deploy-ready manifests; Release and rollback runbook; Environment/secrets checklist; Staging smoke evidence; Tagged release candidate,Health/readiness from staging; End-to-end safe receipt flow on staging; Private image URL not public; Migration revision matches application; Rollback rehearsal documented; No secret exposed in frontend/mobile bundles or repository,Not Started,Codex,
P19-T007,P19,"Staging deployment, release engineering and rollback",P0,"Configure HTTPS, request/body limits, log retention and backup schedule","Configure HTTPS, request/body limits, log retention and backup schedule.",P18,"FR-AUD-005,NFR-SEC-001,NFR-SEC-002,NFR-REL-001,NFR-BACK-001,NFR-COMP-001",Staging API/admin/mobile build or deploy-ready manifests; Release and rollback runbook; Environment/secrets checklist; Staging smoke evidence; Tagged release candidate,Health/readiness from staging; End-to-end safe receipt flow on staging; Private image URL not public; Migration revision matches application; Rollback rehearsal documented; No secret exposed in frontend/mobile bundles or repository,Not Started,Codex,
P19-T008,P19,"Staging deployment, release engineering and rollback",P0,Run staging smoke/E2E tests with safe test data,Run staging smoke/E2E tests with safe test data.,P18,"FR-AUD-005,NFR-SEC-001,NFR-SEC-002,NFR-REL-001,NFR-BACK-001,NFR-COMP-001",Staging API/admin/mobile build or deploy-ready manifests; Release and rollback runbook; Environment/secrets checklist; Staging smoke evidence; Tagged release candidate,Health/readiness from staging; End-to-end safe receipt flow on staging; Private image URL not public; Migration revision matches application; Rollback rehearsal documented; No secret exposed in frontend/mobile bundles or repository,Not Started,Codex,
P19-T009,P19,"Staging deployment, release engineering and rollback",P0,"Create release tag, release notes, deployment manifest and exact image/build identifiers","Create release tag, release notes, deployment manifest and exact image/build identifiers.",P18,"FR-AUD-005,NFR-SEC-001,NFR-SEC-002,NFR-REL-001,NFR-BACK-001,NFR-COMP-001",Staging API/admin/mobile build or deploy-ready manifests; Release and rollback runbook; Environment/secrets checklist; Staging smoke evidence; Tagged release candidate,Health/readiness from staging; End-to-end safe receipt flow on staging; Private image URL not public; Migration revision matches application; Rollback rehearsal documented; No secret exposed in frontend/mobile bundles or repository,Not Started,Codex,
P19-T010,P19,"Staging deployment, release engineering and rollback",P0,Test rollback of application version and document database rollback limitations,Test rollback of application version and document database rollback limitations.,P18,"FR-AUD-005,NFR-SEC-001,NFR-SEC-002,NFR-REL-001,NFR-BACK-001,NFR-COMP-001",Staging API/admin/mobile build or deploy-ready manifests; Release and rollback runbook; Environment/secrets checklist; Staging smoke evidence; Tagged release candidate,Health/readiness from staging; End-to-end safe receipt flow on staging; Private image URL not public; Migration revision matches application; Rollback rehearsal documented; No secret exposed in frontend/mobile bundles or repository,Not Started,Codex,
P19-T011,P19,"Staging deployment, release engineering and rollback",P0,Do not claim deployment when external account access is unavailable; provide ready-to-run manifests and exact blocker,Do not claim deployment when external account access is unavailable; provide ready-to-run manifests and exact blocker.,P18,"FR-AUD-005,NFR-SEC-001,NFR-SEC-002,NFR-REL-001,NFR-BACK-001,NFR-COMP-001",Staging API/admin/mobile build or deploy-ready manifests; Release and rollback runbook; Environment/secrets checklist; Staging smoke evidence; Tagged release candidate,Health/readiness from staging; End-to-end safe receipt flow on staging; Private image URL not public; Migration revision matches application; Rollback rehearsal documented; No secret exposed in frontend/mobile bundles or repository,Not Started,Codex,
P20-T001,P20,"Final documentation, evidence, cleanup and inspection handoff",P0,Resolve remaining TODO/FIXME markers or convert them into documented non-critical issues,Resolve remaining TODO/FIXME markers or convert them into documented non-critical issues.,P19,"NFR-AUD-001,NFR-MNT-001,NFR-DATA-001",Final handoff; Complete traceability; Updated diagrams/docs; Final verification evidence; Exact pushed review SHA,Clean clone setup passes; Full verification and CI pass at final SHA; All MUST requirements are implemented or approved exceptions; Final handoff links resolve; Git status clean and remote contains exact SHA,Not Started,Codex,
P20-T002,P20,"Final documentation, evidence, cleanup and inspection handoff",P0,"Update architecture, implemented ERD, API, state-machine and sequence documentation to match code","Update architecture, implemented ERD, API, state-machine and sequence documentation to match code.",P19,"NFR-AUD-001,NFR-MNT-001,NFR-DATA-001",Final handoff; Complete traceability; Updated diagrams/docs; Final verification evidence; Exact pushed review SHA,Clean clone setup passes; Full verification and CI pass at final SHA; All MUST requirements are implemented or approved exceptions; Final handoff links resolve; Git status clean and remote contains exact SHA,Not Started,Codex,
P20-T003,P20,"Final documentation, evidence, cleanup and inspection handoff",P0,Complete requirements traceability with exact code paths and test names,Complete requirements traceability with exact code paths and test names.,P19,"NFR-AUD-001,NFR-MNT-001,NFR-DATA-001",Final handoff; Complete traceability; Updated diagrams/docs; Final verification evidence; Exact pushed review SHA,Clean clone setup passes; Full verification and CI pass at final SHA; All MUST requirements are implemented or approved exceptions; Final handoff links resolve; Git status clean and remote contains exact SHA,Not Started,Codex,
P20-T004,P20,"Final documentation, evidence, cleanup and inspection handoff",P0,"Complete model cards, dataset cards, security report, test report, deployment report and limitations","Complete model cards, dataset cards, security report, test report, deployment report and limitations.",P19,"NFR-AUD-001,NFR-MNT-001,NFR-DATA-001",Final handoff; Complete traceability; Updated diagrams/docs; Final verification evidence; Exact pushed review SHA,Clean clone setup passes; Full verification and CI pass at final SHA; All MUST requirements are implemented or approved exceptions; Final handoff links resolve; Git status clean and remote contains exact SHA,Not Started,Codex,
P20-T005,P20,"Final documentation, evidence, cleanup and inspection handoff",P0,Capture final Chapter Four evidence listed in `13_DOCUMENTATION_AND_CHAPTER4_EVIDENCE,Capture final Chapter Four evidence listed in `13_DOCUMENTATION_AND_CHAPTER4_EVIDENCE.md`.,P19,"NFR-AUD-001,NFR-MNT-001,NFR-DATA-001",Final handoff; Complete traceability; Updated diagrams/docs; Final verification evidence; Exact pushed review SHA,Clean clone setup passes; Full verification and CI pass at final SHA; All MUST requirements are implemented or approved exceptions; Final handoff links resolve; Git status clean and remote contains exact SHA,Not Started,Codex,
P20-T006,P20,"Final documentation, evidence, cleanup and inspection handoff",P0,Verify academic diagrams can be regenerated cleanly with no crossing lines and reflect actual relationships/multipliciti,Verify academic diagrams can be regenerated cleanly with no crossing lines and reflect actual relationships/multiplicities.,P19,"NFR-AUD-001,NFR-MNT-001,NFR-DATA-001",Final handoff; Complete traceability; Updated diagrams/docs; Final verification evidence; Exact pushed review SHA,Clean clone setup passes; Full verification and CI pass at final SHA; All MUST requirements are implemented or approved exceptions; Final handoff links resolve; Git status clean and remote contains exact SHA,Not Started,Codex,
P20-T007,P20,"Final documentation, evidence, cleanup and inspection handoff",P0,Run clean-clone bootstrap and full verification one final time,Run clean-clone bootstrap and full verification one final time.,P19,"NFR-AUD-001,NFR-MNT-001,NFR-DATA-001",Final handoff; Complete traceability; Updated diagrams/docs; Final verification evidence; Exact pushed review SHA,Clean clone setup passes; Full verification and CI pass at final SHA; All MUST requirements are implemented or approved exceptions; Final handoff links resolve; Git status clean and remote contains exact SHA,Not Started,Codex,
P20-T008,P20,"Final documentation, evidence, cleanup and inspection handoff",P0,"Ensure worktree is clean, branch is pushed and CI is green at the exact final SHA","Ensure worktree is clean, branch is pushed and CI is green at the exact final SHA.",P19,"NFR-AUD-001,NFR-MNT-001,NFR-DATA-001",Final handoff; Complete traceability; Updated diagrams/docs; Final verification evidence; Exact pushed review SHA,Clean clone setup passes; Full verification and CI pass at final SHA; All MUST requirements are implemented or approved exceptions; Final handoff links resolve; Git status clean and remote contains exact SHA,Not Started,Codex,
P20-T009,P20,"Final documentation, evidence, cleanup and inspection handoff",P0,Complete `templates/FINAL_HANDOFF,"Complete `templates/FINAL_HANDOFF.md` with branch, base/head SHA, tree status, tests, deployment, accounts, artifacts, known limitations and reproduction commands.",P19,"NFR-AUD-001,NFR-MNT-001,NFR-DATA-001",Final handoff; Complete traceability; Updated diagrams/docs; Final verification evidence; Exact pushed review SHA,Clean clone setup passes; Full verification and CI pass at final SHA; All MUST requirements are implemented or approved exceptions; Final handoff links resolve; Git status clean and remote contains exact SHA,Not Started,Codex,
P20-T010,P20,"Final documentation, evidence, cleanup and inspection handoff",P0,Open or update the final pull request; do not merge unless instructed,Open or update the final pull request; do not merge unless instructed.,P19,"NFR-AUD-001,NFR-MNT-001,NFR-DATA-001",Final handoff; Complete traceability; Updated diagrams/docs; Final verification evidence; Exact pushed review SHA,Clean clone setup passes; Full verification and CI pass at final SHA; All MUST requirements are implemented or approved exceptions; Final handoff links resolve; Git status clean and remote contains exact SHA,Not Started,Codex,
P20-T011,P20,"Final documentation, evidence, cleanup and inspection handoff",P0,Provide a concise repair prompt template for any later audit findings,Provide a concise repair prompt template for any later audit findings.,P19,"NFR-AUD-001,NFR-MNT-001,NFR-DATA-001",Final handoff; Complete traceability; Updated diagrams/docs; Final verification evidence; Exact pushed review SHA,Clean clone setup passes; Full verification and CI pass at final SHA; All MUST requirements are implemented or approved exceptions; Final handoff links resolve; Git status clean and remote contains exact SHA,Not Started,Codex,
